Zip,Count
00720,4
00909,1
01001,1
01002,4
01003,9
01005,1
01008,1
01013,6
01020,3
01022,1
01031,1
01033,1
01035,4
01040,4
01062,1
01063,12
01069,1
01082,11
01083,1
01085,13
01089,2
01095,6
01103,44
01104,1
01107,7
01108,10
01109,12
01119,6
01201,5
01230,3
01238,2
01240,1
01257,1
01267,1
01301,1
01346,1
01376,1
01420,8
01440,5
01450,5
01451,1
01453,41
01463,10
01464,5
01475,1
01501,15
01503,1
01504,3
01507,1
01510,11
01516,1
01520,4
01523,1
01525,1
01527,1
01532,26
01536,2
01540,26
01545,36
01560,2
01562,1
01564,3
01569,8
01570,11
01581,12
01588,1
01602,12
01603,8
01604,8
01605,2
01606,22
01607,2
01608,221
01609,2
01610,1
01612,1
01701,7
01702,104
01719,7
01720,11
01721,22
01730,4
01740,2
01742,10
01746,6
01748,2
01749,4
01752,51
01756,3
01757,57
01760,36
01776,26
01778,31
01801,36
01803,26
01810,12
01821,19
01824,19
01826,10
01830,11
01832,1
01833,2
01840,32
01841,3
01843,1
01844,26
01845,53
01850,11
01851,2
01852,80
01854,2
01862,11
01863,1
01864,26
01867,48
01876,10
01879,2
01880,24
01886,2
01887,6
01890,26
01901,12
01902,3
01904,34
01905,27
01906,8
01907,15
01913,1
01915,14
01921,3
01923,14
01930,9
01938,1
01940,3
01944,14
01945,16
01949,1
01950,28
01952,1
01960,25
01970,16
01982,16
01984,19
01985,1
02019,26
02021,1
02025,4
02026,24
02030,1
02035,12
02038,28
02043,17
02045,7
02048,2
02052,8
02053,9
02054,5
02061,1
02062,34
02066,3
02067,1
02071,1
02072,4
02081,3
02090,4
02093,3
02108,985
02109,12
02110,36
02111,35
02113,23
02114,27
02115,3
02116,43
02118,317
02119,12
02120,57
02121,12
02122,9
02124,17
02125,14
02127,21
02128,13
02129,8
02130,14
02131,9
02132,21
02134,30
02135,75
02136,12
02138,25
02139,80
02140,13
02141,2
02142,1
02143,94
02144,23
02145,28
02148,98
02149,7
02150,26
02151,15
02152,9
02155,81
02163,9
02169,82
02170,10
02171,8
02176,11
02180,41
02184,35
02186,22
02188,6
02189,40
02190,4
02199,27
02210,1
02215,29
02301,21
02302,32
02324,6
02330,1
02333,3
02341,6
02346,9
02347,9
02351,8
02356,9
02357,1
02359,13
02360,37
02364,29
02367,1
02368,47
02370,13
02379,2
02382,1
02420,8
02421,51
02445,19
02446,63
02451,30
02452,5
02453,86
02458,16
02459,6
02460,22
02461,1
02462,1
02464,1
02466,8
02467,19
02468,5
02472,26
02474,10
02476,4
02478,5
02481,1
02482,6
02492,22
02493,11
02494,8
02532,6
02536,5
02537,3
02538,7
02540,1
02543,3
02554,14
02561,5
02564,1
02571,4
02601,3
02631,1
02633,1
02639,3
02647,7
02655,1
02664,1
02671,1
02673,1
02703,58
02719,3
02720,7
02723,2
02740,24
02743,3
02744,4
02745,6
02746,2
02760,3
02762,4
02766,8
02767,3
02771,2
02780,57
02790,6
02818,4
02826,2
02831,1
02835,1
02840,9
02842,1
02852,26
02860,1
02861,1
02863,2
02864,3
02871,1
02878,1
02882,1
02886,9
02889,1
02891,4
02893,2
02894,1
02895,8
02896,5
02903,76
02909,3
02911,1
02912,4
02914,5
02915,17
02919,1
02920,3
03031,5
03038,9
03042,3
03043,9
03045,2
03052,2
03053,1
03054,1
03055,10
03060,1
03062,34
03063,1
03064,115
03076,2
03079,5
03087,14
03101,17
03110,8
03222,1
03244,2
03246,2
03264,2
03276,2
03281,1
03301,29
03304,1
03431,17
03440,1
03444,2
03451,2
03452,1
03464,1
03570,4
03581,3
03609,1
03743,8
03784,3
03801,6
03820,5
03833,8
03842,2
03848,1
03867,13
03868,1
03882,1
03894,1
03904,1
03910,4
04003,1
04005,1
04009,11
04011,2
04021,9
04038,1
04039,3
04043,3
04062,7
04064,1
04068,1
04069,1
04071,2
04072,2
04073,9
04074,2
04083,1
04086,1
04092,9
04101,12
04102,3
04103,2
04105,2
04106,1
04240,2
04254,1
04257,1
04274,1
04281,2
04330,1
04346,2
04347,9
04351,1
04364,1
04414,1
04443,2
04469,3
04474,1
04530,3
04537,2
04543,1
04606,2
04684,4
04841,1
04952,1
04992,4
05101,1
05156,1
05254,3
05352,1
05401,16
05403,3
05405,3
05452,1
05468,3
05478,1
05495,1
05602,2
05641,11
05672,1
05701,2
05770,3
05819,1
06001,11
06010,21
06016,2
06018,2
06029,13
06032,31
06033,15
06040,12
06042,4
06051,19
06057,1
06062,9
06066,22
06067,1
06069,1
06070,3
06074,9
06082,11
06084,8
06085,19
06089,2
06092,1
06095,12
06096,1
06103,206
06105,10
06106,9
06107,2
06108,7
06109,13
06111,9
06112,4
06117,4
06118,10
06119,17
06231,4
06238,12
06259,8
06260,22
06268,3
06277,8
06278,2
06281,2
06282,1
06320,14
06333,1
06339,2
06340,11
06351,1
06360,20
06401,10
06403,9
06405,34
06410,10
06413,13
06416,1
06418,20
06426,1
06437,9
06444,19
06447,1
06451,15
06457,20
06460,25
06461,3
06468,7
06470,21
06473,11
06475,5
06477,2
06478,3
06481,1
06483,1
06484,19
06488,4
06489,1
06492,19
06510,153
06511,2
06512,6
06513,1
06514,11
06515,13
06516,16
06517,4
06518,1
06519,1
06604,1
06605,33
06606,21
06607,1
06608,7
06610,6
06611,47
06612,2
06614,24
06615,15
06702,99
06704,6
06706,1
06712,5
06716,3
06759,1
06763,3
06770,10
06776,1
06779,21
06790,18
06795,6
06798,14
06804,12
06807,12
06810,121
06811,12
06812,2
06820,29
06824,20
06825,15
06830,75
06831,12
06840,11
06850,5
06851,15
06854,3
06855,10
06870,2
06877,4
06878,1
06880,37
06883,1
06890,41
06897,18
06901,203
06903,3
06905,139
06906,5
06907,4
07001,46
07002,176
07003,123
07004,17
07005,17
07006,55
07008,96
07009,22
07010,44
07011,104
07012,218
07013,44
07014,3
07016,43
07017,27
07018,17
07020,46
07021,14
07022,35
07023,31
07024,118
07026,66
07027,1
07028,4
07029,54
07030,432
07031,14
07032,36
07033,15
07034,6
07035,123
07036,79
07039,66
07040,43
07041,12
07042,132
07043,7
07044,16
07045,14
07046,15
07047,140
07050,8
07052,34
07054,39
07055,41
07057,1
07058,4
07059,3
07060,68
07062,13
07063,2
07065,43
07066,17
07067,32
07068,30
07069,6
07070,91
07071,29
07072,5
07073,51
07074,1
07075,20
07076,7
07077,2
07078,45
07079,38
07080,36
07081,24
07082,5
07083,205
07086,126
07087,57
07090,44
07092,2
07093,126
07094,109
07095,41
07102,231
07103,43
07104,110
07105,68
07106,36
07107,13
07108,8
07109,63
07110,49
07111,49
07112,9
07201,1
07202,106
07203,14
07204,6
07205,12
07206,11
07208,36
07302,240
07304,182
07305,58
07306,852
07307,60
07310,100
07311,19
07401,6
07403,1
07405,17
07407,64
07410,47
07416,17
07417,9
07419,2
07420,2
07421,13
07422,8
07423,4
07424,33
07430,12
07435,3
07436,8
07438,8
07439,3
07440,3
07442,18
07446,13
07450,277
07452,22
07456,1
07457,21
07458,28
07461,2
07463,41
07470,109
07480,26
07481,20
07501,24
07502,12
07503,10
07504,25
07505,115
07506,49
07508,8
07512,11
07513,7
07514,4
07522,2
07524,11
07601,328
07603,7
07604,27
07605,6
07606,5
07607,40
07620,13
07621,50
07624,2
07626,6
07627,19
07628,29
07630,10
07631,130
07632,14
07641,3
07642,6
07643,13
07644,32
07645,14
07646,50
07647,1
07648,1
07649,4
07650,14
07652,72
07656,3
07657,30
07660,46
07661,8
07662,62
07663,11
07666,172
07670,42
07675,49
07676,7
07677,24
07701,18
07702,7
07704,2
07712,42
07716,11
07717,4
07719,36
07720,36
07721,10
07722,3
07724,6
07726,38
07727,9
07728,102
07730,61
07731,30
07732,1
07733,75
07734,15
07738,4
07740,10
07746,20
07747,98
07748,53
07751,36
07753,37
07755,20
07756,26
07758,1
07760,8
07762,7
07764,11
07801,3
07803,19
07821,1
07823,9
07825,1
07827,2
07828,11
07830,4
07834,31
07836,8
07838,2
07840,24
07842,8
07843,2
07848,5
07849,9
07853,5
07856,8
07857,1
07860,24
07863,18
07869,10
07871,26
07876,15
07880,1
07881,1
07901,21
07920,27
07921,14
07922,17
07924,1
07926,3
07927,7
07928,6
07930,3
07931,1
07932,19
07933,2
07934,19
07936,3
07940,8
07945,1
07950,22
07960,88
07974,18
07977,3
07981,13
08001,1
08002,30
08003,24
08004,3
08005,17
08009,3
08010,1
08012,38
08015,16
08016,4
08021,25
08026,1
08027,2
08028,7
08030,3
08031,10
08033,5
08034,38
08035,3
08036,1
08037,23
08041,1
08043,14
08045,1
08046,11
08050,9
08052,6
08053,16
08054,1090
08055,21
08056,3
08057,14
08059,20
08060,7
08061,1
08065,2
08066,2
08068,1
08071,9
08075,1
08077,5
08078,9
08079,2
08080,4
08081,15
08084,1
08085,34
08087,16
08088,6
08089,2
08090,2
08091,21
08092,1
08093,3
08094,13
08096,11
08098,7
08102,1
08103,15
08104,17
08106,4
08107,3
08108,4
08109,15
08110,18
08201,32
08203,1
08205,19
08210,17
08212,1
08221,1
08223,2
08225,7
08226,5
08230,2
08232,3
08234,36
08240,2
08244,10
08251,4
08260,3
08302,13
08318,5
08322,3
08330,14
08332,5
08345,1
08346,1
08353,1
08360,40
08401,152
08402,2
08406,1
08502,4
08505,11
08511,1
08512,14
08518,1
08520,34
08525,1
08527,588
08530,4
08534,2
08535,15
08536,74
08540,19
08542,42
08550,8
08551,1
08553,2
08554,2
08558,2
08562,1
08608,1
08609,20
08610,11
08611,3
08618,9
08619,4
08620,1
08628,7
08629,1
08641,1
08648,100
08690,37
08691,7
08701,56
08721,13
08722,108
08723,37
08724,17
08731,32
08733,4
08734,6
08736,10
08741,5
08742,19
08750,1
08751,1
08753,36
08755,20
08757,8
08758,33
08759,8
08801,29
08802,1
08805,4
08807,30
08809,2
08810,7
08812,10
08816,73
08817,138
08820,51
08822,37
08823,17
08824,5
08826,3
08828,2
08829,1
08830,86
08831,51
08832,1
08833,1
08835,8
08837,17
08840,37
08844,40
08846,26
08850,6
08852,6
08854,52
08857,81
08859,14
08861,31
08863,9
08865,14
08872,45
08873,55
08876,18
08879,12
08880,1
08882,10
08884,4
08890,1
08901,48
08902,91
08904,26
10001,958
10002,362
10003,1275
10004,13
10005,618
10006,174
10007,10660
10009,437
10010,6448
10011,1276
10012,924
10013,525
10014,453
10016,1610
10017,1171
10018,675
10019,1209
10021,660
10022,1680
10023,6411
10024,175
10025,489
10026,180
10027,193
10028,2188
10029,297
10030,157
10031,164
10032,287
10033,242
10034,59
10035,55
10036,1165
10037,71
10038,330
10039,95
10040,68
10044,42
10065,510
10069,90
10075,84
10128,531
10162,295
10280,60
10282,50
10301,37
10302,42
10303,15
10304,13
10305,51
10306,95
10307,15
10308,239
10309,117
10310,31
10312,77
10314,765
10451,34
10452,43
10453,66
10454,39
10455,33
10456,77
10457,85
10458,93
10459,26
10460,100
10461,220
10462,1639
10463,185
10464,6
10465,150
10466,53
10467,134
10468,97
10469,55
10470,35
10471,122
10472,78
10473,40
10474,17
10475,70
10501,1
10502,12
10504,6
10506,4
10507,1
10509,13
10510,2
10512,27
10514,16
10516,2
10518,2
10519,3
10520,6
10522,46
10523,26
10526,13
10528,14
10530,30
10533,14
10535,5
10536,1
10537,12
10538,16
10541,13
10543,33
10545,23
10547,14
10549,26
10550,111
10552,6
10553,11
10562,6
10566,23
10567,4
10570,8
10573,34
10576,1
10577,8
10579,9
10580,31
10583,112
10589,2
10591,51
10594,4
10595,23
10598,42
10601,292
10603,18
10604,17
10605,38
10606,29
10607,6
10701,61
10703,55
10704,89
10705,271
10706,35
10707,42
10708,37
10709,15
10710,66
10801,169
10803,31
10804,6
10805,6
10901,12
10913,1
10914,2
10916,2
10917,1
10918,4
10920,1
10924,11
10925,1
10927,7
10928,4
10930,4
10931,24
10932,2
10940,85
10941,8
10950,30
10952,34
10954,19
10956,208
10960,30
10962,6
10965,20
10968,19
10969,1
10970,3
10976,5
10977,57
10980,16
10983,9
10984,1
10990,21
10993,25
10994,53
10996,3
11001,56
11003,72
11004,66
11005,5
11010,72
11020,38
11021,29
11023,103
11024,10
11030,95
11040,144
11042,36
11050,35
11096,37
11101,162
11102,449
11103,188
11104,146
11105,189
11106,318
11109,235
11201,638
11203,92
11204,194
11205,176
11206,254
11207,108
11208,150
11209,230
11210,204
11211,502
11212,88
11213,131
11214,264
11215,572
11216,154
11217,344
11218,135
11219,105
11220,431
11221,178
11222,293
11223,174
11224,72
11225,182
11226,4052
11228,76
11229,283
11230,213
11231,74
11232,55
11233,114
11234,372
11235,355
11236,200
11237,148
11238,254
11239,58
11354,255
11355,150
11356,28
11357,86
11358,58
11360,28
11361,232
11362,59
11363,19
11364,104
11365,2353
11366,134
11367,129
11368,178
11369,44
11370,77
11372,338
11373,434
11374,273
11375,710
11377,290
11378,120
11379,167
11385,321
11411,49
11412,43
11413,81
11414,228
11415,137
11416,91
11417,54
11418,200
11419,143
11420,131
11421,129
11422,105
11423,136
11426,70
11427,58
11428,50
11429,39
11430,7
11432,298
11433,34
11434,100
11435,405
11436,40
11501,167
11507,11
11509,3
11510,81
11514,9
11516,30
11518,5
11520,105
11530,232
11542,30
11545,2
11547,2
11548,8
11550,207
11552,52
11553,75
11554,70
11557,32
11558,4
11559,3
11560,15
11561,52
11563,62
11565,12
11566,106
11568,19
11569,16
11570,76
11572,62
11575,20
11576,36
11577,13
11579,2
11580,213
11581,39
11590,124
11596,19
11598,6
11691,92
11692,15
11693,33
11694,32
11697,12
11701,42
11702,4
11703,25
11704,68
11705,8
11706,137
11709,2
11710,61
11713,7
11714,59
11715,38
11716,28
11717,179
11718,12
11719,1
11720,25
11721,1
11722,49
11725,29
11726,17
11727,18
11729,104
11730,12
11731,15
11733,22
11735,90
11738,26
11740,6
11741,30
11742,1384
11743,113
11746,61
11747,35
11749,2
11751,57
11752,10
11753,20
11754,15
11755,66
11756,44
11757,90
11758,70
11762,58
11763,45
11764,2
11766,23
11767,17
11768,22
11769,6
11770,1
11771,12
11772,21
11776,33
11777,24
11778,33
11779,72
11780,17
11782,24
11783,179
11784,43
11786,1
11787,146
11788,31
11789,10
11790,30
11791,111
11792,6
11793,25
11794,60
11795,91
11796,2
11797,30
11798,45
11801,151
11803,103
11804,1
11901,83
11930,1
11934,26
11935,12
11940,2
11942,5
11944,3
11946,18
11947,9
11949,12
11950,10
11951,18
11952,2
11953,44
11954,9
11955,4
11956,7
11957,1
11960,6
11961,7
11963,4
11964,2
11965,1
11967,59
11968,10
11970,2
11971,3
11973,2
11975,13
11978,12
11980,2
12008,1
12009,20
12010,7
12020,7
12037,1
12047,6
12052,1
12054,9
12061,25
12065,19
12070,3
12075,1
12076,2
12078,8
12095,13
12106,1
12110,10
12118,3
12123,11
12125,3
12148,2
12151,1
12157,1
12159,1
12169,1
12170,2
12180,1
12183,6
12193,1
12198,9
12202,1
12203,6
12205,10
12206,13
12207,7
12208,14
12209,11
12210,208
12222,3
12302,1
12303,8
12305,47
12306,2
12307,16
12308,2
12309,2
12401,7
12417,18
12428,6
12446,8
12449,1
12453,8
12455,6
12472,3
12477,1
12484,3
12489,2
12501,2
12504,1
12507,2
12508,56
12514,1
12515,1
12518,1
12524,36
12528,4
12531,1
12533,5
12534,4
12538,13
12540,19
12550,16
12553,16
12561,7
12564,2
12566,9
12567,1
12569,1
12574,2
12575,1
12577,1
12578,5
12582,1
12583,4
12586,2
12589,2
12590,10
12594,4
12601,66
12604,14
12701,17
12721,3
12746,8
12754,12
12786,2
12789,1
12790,2
12801,19
12804,9
12816,1
12831,1
12834,1
12839,2
12861,1
12866,17
12871,1
12901,26
12903,1
12936,1
12937,1
12956,2
12972,2
12977,1
12979,2
12983,12
12986,2
13024,21
13027,3
13031,5
13032,8
13035,1
13036,1
13039,5
13045,13
13057,69
13066,10
13078,1
13084,1
13088,7
13090,7
13108,2
13126,23
13135,1
13148,1
13159,11
13164,9
13165,1
13202,194
13203,5
13205,1
13206,1
13208,7
13210,6
13212,16
13214,9
13215,1
13219,6
13302,1
13303,6
13316,1
13323,2
13340,3
13346,4
13367,5
13408,1
13413,3
13421,6
13425,3
13440,14
13441,1
13476,1
13478,2
13492,6
13495,1
13501,23
13502,8
13601,33
13605,3
13616,2
13617,16
13619,1
13626,2
13638,2
13642,1
13662,20
13666,4
13669,6
13676,28
13694,4
13730,2
13733,1
13753,8
13760,4
13790,1
13815,3
13820,23
13850,1
13860,1
13901,1
13902,27
13903,1
14020,2
14026,1
14031,5
14043,5
14048,3
14063,1
14072,4
14075,16
14086,11
14094,30
14105,9
14108,1
14120,4
14132,1
14150,31
14170,1
14172,3
14174,10
14201,3
14202,157
14203,4
14206,13
14207,3
14209,17
14210,5
14211,21
14214,9
14216,11
14217,1
14218,1
14220,4
14221,5
14222,1
14223,1
14224,2
14225,2
14226,4
14227,1
14228,1
14301,2
14302,18
14304,5
14305,1
14414,15
14420,3
14424,12
14425,18
14437,5
14441,3
14450,9
14454,15
14456,3
14464,6
14472,11
14502,16
14507,1
14510,2
14513,3
14521,9
14522,1
14526,6
14532,3
14534,8
14559,9
14564,1
14572,1
14580,16
14589,1
14590,1
14605,15
14606,7
14607,4
14609,7
14610,9
14611,5
14612,8
14613,6
14614,76
14616,3
14617,10
14618,4
14619,3
14620,9
14621,1
14623,7
14624,17
14626,13
14701,12
14720,2
14738,11
14750,5
14755,1
14760,3
14802,2
14814,1
14830,2
14843,20
14845,1
14850,31
14853,2
14869,1
14870,1
14895,2
14904,20
14905,3
15001,1
15003,1
15009,3
15010,10
15012,4
15014,2
15017,1
15025,2
15044,2
15049,3
15056,6
15057,1
15061,4
15066,1
15067,3
15085,2
15101,2
15102,4
15108,5
15110,3
15112,34
15120,1
15122,1
15126,8
15129,1
15131,1
15136,5
15139,1
15140,37
15143,2
15146,1
15147,1
15201,15
15202,5
15203,6
15204,2
15205,10
15206,4
15207,9
15208,1
15210,9
15211,1
15213,17
15214,1
15215,5
15216,4
15217,6
15219,21
15220,11
15222,222
15224,2
15226,3
15227,1
15232,3
15235,1
15236,5
15237,5
15238,1
15239,5
15241,10
15301,4
15358,3
15361,1
15363,2
15425,5
15432,1
15451,5
15458,1
15466,3
15472,6
15482,1
15552,6
15601,8
15622,4
15641,1
15642,12
15661,2
15666,5
15668,7
15701,10
15739,2
15767,1
15779,1
15801,5
15857,2
15901,23
15943,1
15948,12
15949,6
16001,3
16002,1
16045,16
16046,3
16057,1
16063,6
16066,1
16101,4
16117,7
16121,1
16125,1
16127,2
16131,6
16146,1
16214,4
16236,6
16254,4
16319,3
16323,4
16343,1
16344,4
16353,5
16354,9
16365,1
16401,1
16438,1
16443,1
16501,3
16506,2
16507,26
16509,8
16601,3
16602,29
16636,2
16648,1
16652,4
16669,1
16678,4
16686,1
16730,3
16735,2
16801,7
16802,21
16803,7
16830,1
16840,1
16879,1
16901,1
16926,1
16933,2
16935,3
17003,1
17010,3
17011,2
17013,4
17015,1
17016,1
17019,6
17033,12
17036,2
17042,4
17046,17
17050,2
17053,2
17055,12
17068,3
17069,5
17070,1
17093,9
17097,2
17101,3
17102,17
17103,32
17109,1
17111,11
17201,4
17236,1
17241,1
17251,1
17257,3
17268,27
17309,4
17314,1
17325,25
17331,7
17340,6
17401,7
17402,5
17403,4
17404,1
17512,7
17522,1
17527,7
17543,5
17545,18
17557,3
17563,1
17566,7
17576,3
17603,16
17744,12
17748,10
17751,1
17752,10
17756,4
17815,3
17821,1
17836,1
17837,1
17865,1
17866,1
17868,3
17870,1
17929,1
17931,1
17948,3
17951,2
17972,1
18011,16
18015,3
18017,1
18018,15
18020,3
18031,1
18040,1
18041,1
18042,30
18045,4
18049,3
18052,19
18059,2
18062,2
18069,2
18071,4
18072,2
18073,2
18078,1
18080,2
18081,1
18087,3
18088,2
18092,1
18102,42
18104,16
18201,4
18210,1
18216,1
18225,4
18229,1
18232,1
18235,14
18237,10
18255,4
18301,7
18302,5
18321,5
18324,1
18327,1
18330,5
18332,29
18335,1
18336,21
18337,13
18344,22
18347,1
18360,17
18371,1
18372,1
18424,2
18434,8
18445,3
18452,2
18458,6
18462,1
18464,10
18470,1
18471,7
18503,33
18504,3
18505,1
18508,1
18509,9
18510,1
18512,1
18519,1
18621,1
18636,3
18640,2
18642,3
18643,4
18651,5
18660,18
18701,32
18702,7
18704,1
18706,1
18707,2
18810,1
18837,1
18840,1
18842,1
18848,4
18901,18
18914,5
18915,2
18929,1
18930,2
18938,2
18940,19
18944,6
18951,1
18954,2
18960,1
18964,10
18966,18
18974,1
18976,3
18977,1
18980,1
19001,7
19002,2
19003,10
19004,19
19006,3
19007,20
19008,42
19009,9
19010,18
19012,1
19013,29
19014,6
19015,3
19018,2
19020,27
19021,6
19022,1
19023,17
19025,1
19026,23
19027,23
19030,1
19031,3
19032,2
19033,8
19034,5
19036,4
19038,18
19040,10
19041,3
19044,19
19046,9
19047,76
19050,7
19053,10
19054,1
19055,17
19057,4
19061,1
19063,39
19064,55
19066,17
19067,7
19070,10
19072,4
19073,22
19074,2
19075,1
19078,5
19079,1
19081,13
19082,34
19083,19
19085,9
19086,10
19087,24
19090,1
19094,2
19096,13
19102,2196
19103,44
19104,36
19106,12
19107,62
19111,44
19113,6
19114,90
19115,7
19116,13
19118,2
19119,27
19120,40
19121,8
19122,14
19123,20
19124,11
19125,18
19126,1
19127,23
19128,50
19129,14
19130,5
19131,22
19132,25
19133,84
19134,10
19135,16
19136,20
19137,4
19139,16
19140,3
19141,37
19142,10
19143,13
19144,13
19145,29
19146,8
19147,55
19148,37
19149,6
19150,14
19151,11
19152,29
19153,1
19154,3
19301,14
19312,1
19317,7
19320,11
19333,16
19335,7
19341,23
19342,22
19344,1
19345,10
19348,6
19350,1
19355,4
19365,2
19373,4
19380,5
19382,12
19383,17
19401,77
19403,55
19405,10
19406,71
19422,44
19425,2
19426,20
19428,44
19436,8
19438,3
19440,9
19444,3
19446,62
19454,4
19456,16
19460,31
19462,36
19464,33
19465,8
19468,7
19473,5
19510,3
19512,5
19520,7
19522,1
19523,3
19525,9
19536,1
19539,1
19540,1
19543,11
19545,9
19562,2
19601,5
19602,51
19606,6
19609,3
19610,9
19611,5
19701,6
19702,16
19703,20
19706,2
19707,5
19709,9
19710,1
19711,2
19713,23
19717,18
19720,25
19734,1
19736,1
19801,5
19802,32
19803,1
19804,7
19805,1
19806,38
19808,7
19809,3
19810,5
19901,29
19902,1
19904,3
19933,5
19934,1
19938,2
19947,3
19952,2
19953,1
19954,13
19956,1
19958,6
19964,1
19966,15
19970,7
19971,7
19973,2
19977,5
20001,304
20002,118
20003,51
20004,78
20005,158
20006,3573
20007,149
20008,93
20009,179
20010,159
20011,86
20012,260
20015,23
20016,126
20017,7
20018,1
20019,21
20020,47
20024,21
20032,42
20036,164
20037,46
20052,174
20057,4
20064,4
20105,26
20109,6
20110,63
20111,1
20112,2
20120,11
20121,33
20136,13
20147,109
20148,15
20151,25
20152,6
20155,21
20164,29
20165,3
20166,6
20169,2
20170,68
20171,13
20175,35
20176,49
20184,2
20186,1
20187,4
20190,87
20191,22
20194,2
20197,2
20307,2
20317,11
20373,1
20390,50
20601,50
20602,45
20603,47
20607,12
20613,4
20616,1
20619,12
20620,3
20623,17
20624,2
20629,12
20636,1
20637,6
20639,1
20646,32
20650,3
20653,18
20657,21
20658,1
20659,5
20662,2
20670,1
20678,22
20680,2
20686,1
20688,6
20693,3
20695,3
20705,54
20706,58
20707,151
20708,24
20710,29
20711,1
20712,5
20715,19
20716,21
20720,112
20721,9
20722,1
20723,10
20724,35
20732,7
20733,9
20735,84
20736,1
20737,6
20740,13
20742,50
20743,15
20744,26
20745,30
20746,67
20747,37
20748,98
20754,12
20755,2
20759,1
20762,14
20763,2
20769,4
20770,117
20772,16
20774,160
20781,34
20783,31
20784,11
20785,17
20794,5
20814,84
20815,177
20816,5
20817,45
20818,9
20832,48
20833,1
20837,8
20841,1
20850,344
20851,11
20852,40
20853,12
20854,20
20855,49
20860,7
20866,9
20871,21
20872,16
20874,43
20876,135
20877,29
20878,32
20879,11
20882,2
20886,46
20895,11
20896,2
20899,162
20901,9
20902,73
20903,13
20904,51
20905,55
20906,72
20910,94
20912,60
21001,41
21005,4
21009,1
21012,5
21014,42
21015,3
21028,8
21029,2
21030,3
21031,8
21032,211
21034,1
21035,1
21037,12
21040,8
21042,23
21043,56
21044,107
21045,5
21046,22
21050,12
21054,14
21060,32
21061,99
21071,1
21074,2
21075,13
21076,20
21077,15
21078,2
21082,2
21084,9
21085,1
21090,32
21093,25
21108,36
21113,40
21114,3
21117,62
21120,3
21122,57
21128,11
21131,2
21133,7
21140,5
21144,11
21146,33
21153,2
21154,2
21156,2
21157,43
21158,12
21162,18
21201,4
21202,713
21204,17
21205,2
21206,6
21207,34
21208,48
21209,12
21210,19
21211,17
21212,12
21214,2
21215,28
21216,6
21218,35
21220,31
21221,7
21222,38
21223,1
21224,5
21225,20
21226,2
21227,18
21228,52
21229,18
21230,31
21231,35
21234,46
21236,13
21237,80
21239,32
21244,39
21250,1
21252,23
21286,10
21401,7
21402,128
21403,8
21409,4
21502,6
21543,3
21601,29
21617,2
21619,1
21623,1
21632,2
21638,2
21654,1
21658,3
21701,8
21702,6
21703,15
21704,98
21727,4
21734,1
21740,39
21742,2
21754,4
21755,2
21756,2
21757,1
21771,4
21776,1
21784,7
21793,20
21794,3
21801,24
21804,1
21810,1
21811,1
21817,1
21821,1
21842,12
21901,2
21902,2
21903,1
21911,2
21915,1
21921,35
22003,44
22015,20
22025,7
22026,10
22027,20
22030,274
22031,53
22032,53
22033,83
22039,2
22041,24
22042,52
22043,38
22044,23
22046,87
22060,15
22066,19
22079,26
22101,94
22102,27
22124,13
22125,107
22134,11
22150,61
22151,19
22152,7
22153,29
22180,94
22181,48
22182,70
22191,42
22192,39
22193,53
22201,95
22202,47
22203,74
22204,60
22205,5
22206,7
22207,10
22209,393
22211,3
22213,6
22301,28
22302,30
22303,45
22304,49
22305,8
22306,74
22307,12
22308,15
22309,30
22310,23
22311,52
22312,42
22314,342
22315,45
22401,89
22405,13
22406,3
22407,16
22408,4
22436,1
22460,1
22480,10
22482,8
22485,28
22520,2
22546,1
22551,1
22553,3
22554,41
22556,7
22560,1
22601,35
22602,7
22603,1
22625,2
22630,37
22655,1
22657,1
22664,3
22701,5
22719,1
22720,1
22801,1
22807,2
22824,1
22901,1
22902,7
22903,1
22904,28
22911,8
22938,3
22960,1
22980,21
23059,8
23060,9
23061,7
23062,4
23075,2
23093,2
23111,2
23112,2
23114,24
23115,2
23116,1
23120,1
23150,1
23168,4
23181,1
23185,6
23187,19
23188,1
23219,9
23220,140
23221,12
23222,12
23223,3
23225,4
23226,12
23228,3
23229,2
23230,3
23231,1
23233,3
23234,1
23235,2
23238,3
23294,4
23301,1
23320,11
23321,1
23323,20
23324,4
23325,2
23336,1
23413,1
23416,1
23420,1
23430,11
23432,2
23434,5
23451,71
23453,8
23454,2
23456,3
23460,1
23461,7
23462,3
23464,3
23502,1
23504,1
23505,2
23509,2
23510,22
23517,2
23518,6
23523,24
23601,2
23602,11
23606,4
23607,28
23608,10
23661,1
23666,6
23669,14
23703,5
23704,7
23801,7
23803,5
23805,2
23806,23
23831,5
23832,1
23847,11
23851,2
23860,1
23874,1
23909,2
23919,1
23930,1
23944,9
23970,1
24011,24
24012,4
24016,5
24020,1
24058,1
24060,12
24064,1
24073,6
24078,1
24104,1
24112,8
24124,14
24132,1
24141,1
24142,1
24151,1
24153,1
24201,6
24210,1
24211,4
24219,1
24230,1
24266,1
24301,3
24340,6
24343,1
24354,2
24361,1
24366,13
24382,1
24401,7
24416,1
24450,4
24457,1
24459,1
24474,1
24482,5
24501,25
24502,2
24503,8
24520,2
24522,36
24523,2
24530,1
24540,4
24541,5
24557,1
24558,3
24588,1
24592,3
24602,13
24612,1
24613,2
24630,22
24651,13
24701,2
24731,3
24901,3
25045,8
25143,4
25159,10
25160,1
25177,1
25186,1
25260,1
25271,1
25301,21
25401,24
25425,2
25428,5
25442,1
25507,8
25526,8
25560,3
25601,1
25639,1
25701,10
25703,13
25801,1
25840,1
25871,8
26031,1
26041,2
26062,2
26101,9
26104,1
26149,2
26150,1
26201,6
26217,1
26241,13
26330,1
26343,1
26505,23
26534,1
26559,1
26651,2
26714,1
26719,1
26753,4
27012,1
27020,1
27028,2
27030,2
27040,2
27041,1
27048,11
27055,1
27101,5
27104,1
27106,5
27110,30
27201,5
27203,2
27215,2
27252,1
27260,19
27265,3
27278,1
27284,2
27288,1
27292,3
27295,12
27320,1
27325,3
27330,8
27332,3
27344,2
27349,8
27358,5
27360,5
27376,3
27401,79
27403,3
27405,1
27406,1
27407,3
27408,1
27409,3
27410,6
27501,1
27502,2
27510,23
27511,3
27513,24
27514,2
27516,1
27518,3
27519,7
27520,5
27521,2
27522,1
27523,23
27526,14
27529,2
27530,7
27531,6
27534,1
27536,3
27539,1
27540,8
27542,3
27545,2
27546,2
27549,2
27560,5
27563,1
27569,1
27577,5
27587,7
27596,3
27597,4
27601,114
27603,17
27604,14
27605,2
27606,14
27607,4
27608,2
27609,22
27612,1
27613,7
27615,4
27616,12
27701,27
27704,5
27705,6
27707,3
27709,9
27713,1
27803,1
27822,1
27828,1
27829,2
27831,1
27834,19
27849,1
27858,1
27878,2
27889,1
27893,29
27909,1
27925,1
27948,1
27949,13
27954,5
28001,1
28012,4
28017,1
28025,17
28027,6
28033,1
28034,4
28036,4
28037,14
28039,8
28052,1
28054,19
28078,6
28079,1
28080,2
28083,4
28086,3
28092,5
28097,1
28104,18
28105,3
28107,1
28108,4
28110,11
28112,7
28115,8
28117,9
28120,3
28134,7
28138,3
28147,2
28150,2
28159,4
28163,2
28173,12
28174,1
28202,262
28203,8
28204,25
28205,1
28206,4
28207,2
28208,2
28209,1
28210,4
28211,4
28213,3
28215,8
28216,2
28217,13
28226,4
28227,6
28262,31
28273,14
28277,10
28278,7
28301,41
28304,6
28305,1
28306,5
28314,2
28315,3
28328,1
28333,2
28334,6
28352,1
28358,2
28366,1
28372,2
28374,3
28376,4
28379,3
28387,2
28390,1
28399,1
28401,50
28403,6
28409,3
28411,1
28412,1
28425,2
28432,2
28443,1
28451,3
28460,8
28462,1
28464,1
28465,3
28468,8
28470,18
28472,1
28480,1
28501,7
28504,1
28513,4
28518,2
28519,7
28532,4
28540,1
28543,2
28547,1
28551,1
28557,7
28562,9
28580,1
28584,13
28590,2
28601,6
28604,1
28607,7
28609,3
28625,5
28626,1
28638,1
28642,3
28645,3
28655,1
28659,1
28660,1
28675,1
28677,4
28697,2
28711,9
28712,4
28714,3
28726,2
28739,2
28771,2
28778,1
28779,6
28786,2
28787,1
28801,29
28803,2
28906,1
29015,1
29040,1
29053,21
29063,2
29072,9
29073,9
29102,8
29108,1
29115,1
29127,1
29130,2
29150,4
29163,1
29169,5
29170,3
29202,9
29203,1
29204,6
29208,36
29209,3
29210,6
29212,6
29223,1
29229,9
29303,1
29316,2
29323,2
29333,17
29334,1
29340,4
29341,1
29365,7
29401,87
29403,1
29405,17
29406,1
29407,2
29410,1
29412,9
29418,2
29423,5
29440,5
29445,5
29456,2
29458,1
29461,4
29464,11
29466,8
29468,1
29470,1
29483,17
29485,3
29501,27
29505,1
29520,2
29526,7
29546,2
29556,2
29560,1
29566,4
29571,2
29574,1
29575,1
29576,4
29577,27
29579,10
29582,12
29585,17
29588,1
29601,25
29605,5
29607,9
29613,1
29614,9
29621,6
29624,3
29625,1
29634,3
29643,2
29644,1
29649,1
29650,5
29662,3
29671,1
29673,5
29681,16
29685,1
29687,9
29690,1
29707,1
29710,6
29712,3
29715,4
29720,5
29730,2
29733,29
29801,3
29824,1
29841,3
29904,5
29905,1
29906,2
29907,1
29910,5
29920,1
29924,1
29927,2
29928,4
29935,1
30002,1
30004,49
30005,40
30008,25
30009,139
30011,3
30013,29
30014,28
30016,26
30017,18
30019,25
30021,5
30022,77
30024,35
30025,14
30028,2
30030,124
30032,8
30033,6
30034,8
30035,12
30038,12
30039,18
30040,23
30041,91
30043,10
30044,62
30045,36
30046,185
30047,22
30052,103
30058,44
30060,269
30062,13
30064,15
30066,43
30067,16
30068,14
30070,1
30071,76
30075,88
30076,23
30078,66
30079,6
30080,63
30082,6
30083,62
30084,35
30087,22
30088,11
30092,25
30093,72
30094,2
30096,39
30097,126
30101,49
30102,15
30106,45
30107,7
30114,47
30115,8
30116,1
30117,9
30118,13
30120,22
30121,1
30122,13
30125,2
30126,42
30127,28
30132,14
30134,112
30135,22
30141,36
30143,4
30144,68
30149,2
30152,5
30153,5
30157,58
30161,13
30165,1
30168,5
30173,5
30179,38
30180,26
30188,54
30189,48
30204,13
30213,2
30214,52
30223,26
30224,23
30228,9
30233,4
30236,63
30238,3
30240,1
30241,8
30248,3
30252,2
30253,74
30260,21
30263,73
30265,11
30269,69
30273,4
30274,71
30276,9
30277,3
30281,100
30286,6
30290,2
30291,13
30294,9
30296,19
30297,18
30303,2051
30305,46
30306,14
30307,14
30308,46
30309,169
30310,3
30311,20
30312,24
30313,3
30316,22
30317,26
30318,29
30319,16
30322,13
30324,27
30326,24
30327,29
30328,35
30329,15
30331,18
30332,2
30336,1
30337,15
30338,32
30339,25
30340,6
30341,39
30342,64
30344,29
30345,1
30346,46
30349,38
30350,18
30354,13
30360,26
30363,8
30401,25
30411,1
30417,1
30427,6
30453,1
30460,6
30461,5
30470,5
30501,38
30504,8
30506,1
30513,10
30517,1
30518,62
30519,1
30521,1
30523,1
30529,4
30533,1
30534,7
30535,2
30540,5
30542,8
30548,3
30549,4
30563,2
30567,1
30577,7
30602,1
30605,1
30606,2
30607,1
30609,85
30620,3
30625,3
30628,6
30635,1
30642,3
30643,2
30650,3
30655,42
30656,5
30666,1
30667,1
30680,28
30701,12
30705,4
30720,17
30726,9
30728,1
30736,16
30741,2
30742,16
30756,1
30813,2
30906,1
30907,4
30909,14
30912,72
31015,1
31023,2
31024,12
31029,3
31030,2
31037,28
31061,4
31064,4
31069,8
31082,1
31088,19
31204,6
31206,1
31207,41
31313,3
31322,3
31326,5
31401,56
31405,1
31406,7
31409,9
31411,1
31419,4
31501,2
31510,3
31520,15
31523,12
31525,1
31535,2
31539,1
31545,1
31547,1
31548,5
31639,10
31698,23
31701,9
31707,7
31714,2
31730,1
31749,3
31750,4
31757,4
31763,1
31768,7
31774,2
31781,2
31794,8
31901,45
31909,2
32003,1
32008,3
32034,3
32038,4
32043,2
32046,2
32052,7
32053,1
32055,5
32059,7
32063,7
32064,1
32065,2
32068,1
32073,21
32080,3
32081,3
32082,1
32084,20
32086,5
32091,7
32092,4
32095,1
32097,3
32102,3
32114,9
32117,2
32118,105
32119,6
32127,1
32128,1
32129,16
32131,7
32132,13
32136,2
32137,19
32141,5
32159,3
32162,38
32164,3
32168,4
32174,1
32176,14
32179,1
32180,1
32202,230
32204,4
32205,13
32207,38
32208,6
32209,4
32211,2
32212,3
32216,2
32218,5
32222,14
32223,2
32224,5
32225,14
32244,7
32246,12
32250,8
32254,1
32257,6
32258,2
32266,1
32277,13
32301,2
32303,1
32304,19
32308,8
32312,4
32321,5
32327,8
32340,3
32347,6
32399,131
32401,18
32403,1
32405,2
32407,20
32424,2
32425,4
32427,1
32431,2
32433,12
32440,1
32459,1
32463,1
32501,38
32503,1
32505,4
32508,1
32511,10
32526,7
32534,6
32536,3
32539,1
32541,6
32547,1
32548,8
32566,15
32571,4
32578,4
32579,1
32583,13
32601,39
32603,10
32605,1
32607,3
32609,1
32612,15
32640,1
32643,3
32656,2
32696,2
32701,55
32703,33
32707,15
32708,30
32712,2
32713,17
32714,24
32720,68
32724,1
32725,28
32726,6
32732,8
32736,5
32738,5
32744,1
32746,84
32750,2
32751,41
32757,7
32763,21
32764,1
32765,30
32766,1
32771,62
32773,4
32776,5
32778,2
32779,4
32780,2
32784,5
32789,30
32792,50
32796,14
32798,4
32801,960
32803,12
32804,8
32806,4
32808,3
32809,11
32810,36
32811,8
32812,37
32814,11
32817,7
32818,13
32819,14
32820,4
32821,3
32822,27
32824,7
32825,27
32826,9
32827,10
32828,46
32830,1
32832,8
32833,10
32835,41
32837,48
32839,21
32901,39
32903,1
32904,6
32905,12
32907,3
32908,2
32909,2
32920,5
32922,19
32926,4
32927,14
32931,3
32934,5
32935,4
32937,11
32940,2
32952,2
32953,7
32955,8
32958,7
32960,31
32962,1
32966,2
32967,3
33004,17
33009,63
33010,38
33012,75
33013,100
33014,73
33015,44
33016,29
33018,11
33019,27
33020,158
33021,78
33023,177
33024,99
33025,79
33026,15
33027,54
33028,25
33029,34
33030,52
33032,7
33033,11
33037,12
33039,25
33040,35
33043,1
33051,3
33054,17
33055,12
33056,46
33060,44
33062,17
33063,68
33064,21
33065,257
33066,16
33067,6
33068,87
33069,6
33070,10
33071,11
33073,15
33076,24
33122,17
33125,66
33126,24
33127,9
33128,1715
33129,9
33130,60
33131,48
33132,14
33133,20
33134,79
33135,1
33136,19
33137,4
33138,7
33139,123
33140,10
33141,33
33142,20
33143,38
33144,97
33145,16
33146,122
33147,30
33149,4
33150,14
33154,7
33155,21
33156,77
33157,30
33158,38
33160,44
33161,28
33162,71
33165,36
33166,25
33167,13
33168,9
33169,25
33172,57
33173,14
33174,8
33175,27
33176,52
33177,46
33178,10
33179,20
33180,109
33181,18
33183,44
33184,71
33185,5
33186,81
33187,12
33189,37
33193,36
33194,25
33196,54
33301,480
33304,47
33305,21
33306,1
33308,32
33309,71
33311,33
33312,9
33313,38
33314,32
33315,9
33316,35
33317,124
33319,44
33321,41
33322,16
33323,182
33324,29
33325,18
33326,36
33327,35
33328,35
33330,12
33331,15
33332,10
33334,66
33351,66
33401,265
33403,2
33404,4
33405,15
33406,7
33407,14
33408,13
33409,29
33410,90
33411,70
33412,4
33413,4
33414,73
33415,14
33417,40
33418,6
33426,4
33428,36
33430,10
33431,31
33432,238
33433,47
33434,46
33435,42
33436,20
33437,20
33440,3
33441,36
33442,36
33444,166
33445,75
33446,11
33455,1
33458,9
33460,60
33461,10
33462,8
33463,30
33467,45
33470,9
33477,28
33478,5
33480,47
33483,2
33484,6
33486,1
33487,10
33496,16
33498,3
33510,141
33511,89
33521,2
33523,2
33525,14
33534,4
33542,31
33543,15
33544,3
33545,2
33548,2
33549,6
33556,6
33558,11
33559,32
33563,38
33565,3
33566,4
33569,7
33572,2
33573,6
33576,31
33578,41
33579,6
33584,7
33592,3
33594,30
33596,17
33602,1073
33603,62
33604,29
33605,5
33606,21
33607,9
33609,2
33610,2
33611,1
33612,31
33613,3
33614,12
33615,33
33617,35
33618,12
33619,3
33620,5
33624,6
33625,11
33626,20
33629,6
33634,1
33635,10
33637,15
33647,50
33701,133
33702,3
33703,1
33704,8
33705,2
33706,2
33707,27
33709,2
33710,11
33711,10
33712,18
33713,30
33714,2
33716,2
33755,4
33756,82
33759,2
33760,2
33761,12
33762,1
33763,4
33764,6
33765,25
33767,10
33770,76
33771,2
33772,10
33773,9
33776,4
33777,5
33778,11
33781,32
33782,3
33801,4
33803,117
33805,1
33812,1
33813,5
33815,14
33823,13
33830,15
33837,13
33839,5
33843,44
33844,49
33848,7
33852,4
33853,20
33859,4
33870,16
33873,3
33877,2
33880,2
33881,63
33884,15
33897,13
33901,120
33903,10
33904,58
33905,7
33907,21
33908,4
33909,9
33912,2
33913,8
33914,1
33916,4
33920,3
33922,1
33928,2
33935,7
33936,2
33948,8
33950,5
33952,14
33953,8
33966,19
33967,9
33971,4
33973,1
33974,4
33976,14
33981,6
33983,5
33990,12
33993,3
34102,64
34103,14
34105,1
34108,1
34109,6
34110,5
34112,5
34114,2
34116,20
34117,2
34119,1
34120,2
34134,3
34135,5
34137,1
34140,10
34142,1
34145,3
34202,10
34203,6
34205,79
34207,1
34208,2
34209,9
34211,11
34212,1
34216,1
34219,5
34222,8
34223,24
34224,17
34231,7
34232,18
34233,1
34234,4
34237,103
34239,3
34243,1
34266,26
34275,1
34285,30
34286,2
34287,15
34288,4
34289,4
34293,4
34420,5
34428,10
34431,1
34432,6
34433,1
34434,1
34442,1
34446,8
34450,2
34452,22
34465,3
34471,63
34472,6
34473,2
34475,6
34476,1
34480,1
34481,1
34488,2
34601,1
34604,2
34606,32
34607,2
34608,21
34609,10
34614,2
34638,3
34639,60
34652,53
34653,6
34654,8
34655,1
34667,34
34668,15
34669,1
34677,8
34679,1
34681,3
34683,67
34684,8
34685,3
34688,53
34689,51
34690,23
34695,1
34698,6
34711,49
34714,18
34715,4
34741,182
34743,15
34744,19
34746,3
34747,24
34748,43
34758,23
34759,2
34760,9
34761,11
34769,29
34771,1
34785,1
34786,12
34787,12
34788,8
34945,1
34949,3
34950,8
34952,10
34953,9
34957,2
34974,6
34981,1
34982,2
34983,5
34984,116
34986,3
34987,2
34990,2
34994,40
34996,10
34997,12
35004,9
35007,7
35010,1
35020,7
35043,1
35045,5
35055,3
35080,3
35085,2
35112,1
35115,4
35119,4
35120,3
35121,1
35124,2
35125,1
35127,7
35128,2
35160,17
35180,1
35203,152
35205,2
35208,2
35209,1
35210,11
35215,13
35216,7
35217,1
35218,1
35221,6
35222,2
35228,1
35229,2
35233,21
35234,2
35235,2
35242,9
35243,1
35244,5
35404,1
35444,1
35476,19
35555,2
35580,1
35581,9
35594,4
35601,32
35603,1
35614,1
35630,5
35640,5
35650,9
35654,1
35660,9
35739,1
35749,1
35750,4
35758,1
35763,1
35773,1
35801,23
35805,1
35824,1
35901,3
35904,16
35905,1
35906,2
35950,6
35951,3
35954,4
35956,1
35967,14
35980,5
35986,4
36022,1
36054,7
36066,6
36067,1
36078,1
36082,24
36088,5
36092,13
36106,3
36107,32
36108,3
36111,1
36116,3
36201,1
36203,10
36264,3
36272,2
36303,11
36305,1
36320,1
36322,14
36330,3
36360,8
36362,2
36421,1
36460,2
36502,1
36527,3
36535,16
36542,4
36553,15
36559,1
36567,3
36572,2
36578,2
36582,6
36602,10
36608,11
36609,1
36688,2
36693,3
36701,7
36744,5
36785,6
36801,3
36832,3
36849,4
36853,1
36860,2
36862,3
36867,1
36870,9
37013,2
37015,6
37027,2
37030,1
37034,4
37036,1
37040,10
37042,2
37055,2
37064,15
37066,17
37067,2
37069,13
37072,6
37073,4
37075,9
37076,1
37083,1
37086,5
37087,19
37090,2
37095,1
37110,2
37122,6
37127,2
37130,6
37132,34
37138,19
37160,3
37167,6
37171,1
37172,1
37174,21
37179,2
37180,3
37183,1
37185,7
37188,4
37190,2
37203,37
37204,2
37206,2
37207,4
37208,1
37209,3
37210,1
37211,25
37213,1
37216,2
37217,1
37219,121
37221,2
37240,8
37303,4
37307,13
37310,1
37311,12
37315,2
37327,18
37338,1
37343,1
37347,5
37354,4
37355,9
37357,2
37369,1
37373,1
37379,4
37388,6
37402,137
37403,5
37407,1
37409,1
37412,3
37415,3
37421,29
37614,20
37616,5
37617,2
37620,2
37641,9
37642,1
37643,7
37645,1
37659,4
37660,26
37663,3
37701,40
37716,3
37722,2
37723,1
37725,1
37738,1
37754,1
37760,2
37763,3
37766,1
37771,2
37772,1
37774,1
37804,1
37814,4
37821,4
37830,7
37854,1
37857,3
37860,14
37862,2
37863,3
37865,3
37876,12
37902,78
37916,8
37917,1
37922,4
37934,1
38002,1
38004,1
38011,2
38016,11
38017,2
38018,3
38019,6
38028,1
38036,1
38054,2
38058,3
38060,5
38103,431
38104,1
38107,1
38109,5
38111,4
38112,2
38115,9
38116,1
38117,3
38118,3
38119,1
38120,11
38126,2
38128,2
38132,7
38133,2
38134,20
38138,16
38141,10
38152,1
38201,1
38225,1
38242,1
38255,1
38257,7
38261,2
38301,8
38320,7
38341,6
38343,2
38344,1
38351,2
38372,1
38401,7
38425,4
38464,1
38478,1
38501,2
38505,1
38555,2
38569,2
38578,4
38579,1
38585,2
38601,8
38614,5
38632,1
38652,2
38654,15
38668,4
38671,32
38672,4
38673,1
38677,15
38701,1
38751,1
38804,6
38821,2
38829,2
38834,6
38863,1
38866,5
38901,1
38930,1
39047,6
39056,3
39083,5
39090,2
39092,28
39110,24
39157,1
39168,40
39201,91
39202,1
39203,3
39208,3
39216,2
39232,1
39342,2
39350,1
39367,1
39406,14
39440,8
39452,14
39466,1
39501,8
39503,28
39525,16
39530,11
39531,1
39532,7
39540,1
39553,3
39560,2
39563,2
39565,10
39567,1
39576,2
39577,1
39705,4
39743,1
39759,3
39762,1
39817,1
39828,5
39854,2
40026,1
40031,4
40059,1
40065,7
40108,2
40155,3
40165,2
40202,5
40203,123
40205,20
40207,3
40214,8
40215,2
40216,4
40217,8
40218,1
40219,6
40220,4
40228,2
40241,4
40245,1
40258,2
40324,2
40330,5
40336,4
40342,1
40356,18
40359,1
40361,5
40383,1
40391,1
40404,4
40422,1
40475,12
40484,3
40504,6
40506,17
40509,4
40513,1
40517,57
40601,1
40604,2
40740,10
40741,20
40769,1
40828,1
40906,1
40965,8
41001,1
41004,1
41005,3
41007,1
41008,1
41011,2
41014,3
41016,2
41017,12
41018,2
41034,1
41042,47
41046,9
41048,8
41051,4
41063,1
41071,1
41073,2
41074,12
41076,2
41080,1
41086,1
41092,1
41099,3
41101,3
41143,3
41146,1
41149,4
41171,3
41174,7
41332,4
41465,1
41472,1
41501,3
42001,1
42003,10
42064,4
42066,98
42071,8
42101,35
42104,1
42127,14
42141,1
42240,13
42276,1
42303,24
42354,17
42420,3
42431,2
42464,1
42503,1
42533,7
42701,21
42728,1
42754,4
42776,4
43002,6
43003,26
43004,5
43011,1
43015,9
43016,3
43017,10
43021,1
43026,16
43028,1
43031,2
43035,5
43040,15
43046,2
43050,19
43054,3
43055,5
43061,1
43062,1
43065,5
43066,2
43068,29
43074,2
43078,1
43081,10
43082,16
43085,15
43103,9
43105,1
43107,5
43110,4
43113,3
43119,1
43123,21
43125,4
43130,12
43136,1
43138,1
43140,1
43143,1
43147,19
43160,11
43162,3
43201,77
43202,1
43203,1
43204,8
43206,11
43207,1
43209,4
43211,1
43212,15
43213,6
43214,14
43215,270
43219,4
43220,2
43221,3
43223,5
43224,22
43227,1
43228,11
43229,10
43230,15
43231,80
43232,1
43235,3
43240,8
43302,3
43311,2
43326,2
43351,1
43402,3
43403,3
43431,1
43439,4
43458,2
43465,1
43506,9
43512,9
43537,3
43545,3
43551,1
43558,1
43569,1
43606,1
43610,4
43611,9
43614,1
43615,1
43616,2
43620,42
43701,18
43723,1
43725,9
43731,4
43762,2
43783,2
43793,2
43812,2
43832,1
43844,6
43910,3
43915,1
43920,2
43931,2
43934,14
43935,4
43950,6
43971,1
44004,8
44012,5
44022,1
44023,6
44024,9
44026,7
44035,23
44039,7
44041,1
44044,3
44045,3
44046,7
44047,14
44052,33
44053,2
44054,1
44056,2
44060,67
44062,3
44065,2
44067,4
44070,4
44072,1
44074,7
44077,36
44084,3
44085,4
44087,18
44092,2
44095,6
44102,3
44103,11
44105,1
44106,23
44107,14
44109,11
44111,3
44112,14
44113,2380
44114,8
44115,2
44116,1
44118,24
44120,4
44121,37
44122,8
44123,1
44124,37
44125,8
44126,3
44127,28
44129,30
44130,15
44131,8
44133,10
44134,18
44135,5
44136,4
44137,3
44138,6
44139,25
44140,1
44141,1
44142,15
44143,48
44145,45
44146,3
44147,3
44149,7
44202,25
44203,22
44212,23
44216,3
44221,12
44223,2
44224,4
44231,2
44233,3
44234,1
44236,9
44240,11
44241,15
44243,9
44250,1
44255,1
44256,34
44264,2
44266,34
44281,3
44288,2
44302,1
44303,1
44304,1
44305,3
44306,5
44307,7
44308,119
44313,12
44314,15
44319,50
44321,5
44333,6
44406,2
44425,1
44429,1
44432,1
44444,6
44460,7
44473,11
44484,1
44485,24
44503,12
44509,3
44511,6
44512,49
44515,7
44601,1
44606,1
44612,1
44614,1
44622,3
44632,10
44640,1
44641,6
44643,5
44646,4
44657,2
44663,10
44667,1
44670,1
44671,1
44685,3
44691,11
44702,78
44703,2
44704,1
44705,3
44708,4
44709,15
44710,3
44718,1
44720,2
44721,3
44805,4
44811,9
44820,2
44833,8
44837,1
44838,2
44846,1
44857,3
44870,11
44883,2
44889,1
44902,30
44906,1
45005,5
45011,4
45013,4
45014,34
45015,31
45030,1
45036,25
45040,7
45044,32
45050,3
45056,4
45069,13
45101,1
45102,18
45103,12
45106,7
45107,2
45111,5
45121,2
45133,4
45140,8
45150,2
45152,3
45154,1
45177,3
45202,3
45205,1
45207,167
45208,1
45212,5
45213,1
45214,9
45216,14
45217,17
45219,1
45220,2
45224,2
45225,1
45230,8
45231,1
45236,4
45237,1
45239,1
45240,2
45241,4
45242,7
45243,14
45245,14
45246,31
45248,1
45251,1
45255,3
45308,1
45309,1
45318,1
45322,3
45324,5
45325,6
45331,3
45342,4
45344,2
45350,2
45356,3
45363,1
45365,3
45371,3
45373,5
45377,2
45383,2
45385,4
45402,46
45403,1
45410,14
45417,1
45419,1
45424,10
45426,1
45428,1
45429,8
45430,3
45431,3
45432,2
45439,8
45459,32
45503,2
45505,1
45506,27
45601,1
45628,4
45640,2
45662,4
45663,3
45669,7
45690,1
45692,1
45694,13
45701,4
45750,1
45764,2
45770,5
45801,5
45804,16
45810,1
45817,1
45822,3
45833,17
45840,11
45862,3
45871,2
45875,1
45879,1
45895,9
46012,1
46016,1
46017,1
46031,1
46032,2
46033,11
46034,3
46037,3
46038,5
46040,4
46041,1
46044,2
46052,1
46055,1
46062,4
46072,4
46074,1
46111,2
46112,3
46113,2
46122,1
46123,16
46140,23
46143,15
46151,3
46158,9
46168,1
46173,1
46176,5
46202,1
46203,2
46204,131
46205,17
46208,2
46217,2
46218,20
46219,1
46221,3
46222,1
46224,1
46225,9
46226,2
46227,1
46234,1
46235,4
46236,1
46237,1
46239,2
46240,4
46250,2
46254,1
46260,4
46303,2
46307,1
46310,2
46311,12
46312,3
46319,2
46321,10
46322,4
46323,2
46324,1
46327,3
46342,23
46350,16
46360,3
46365,1
46368,3
46373,4
46375,1
46381,1
46383,1
46385,8
46391,1
46394,9
46402,8
46403,1
46406,2
46410,1
46516,7
46530,2
46544,6
46545,16
46556,2
46563,1
46580,18
46601,1
46617,14
46750,3
46761,3
46765,1
46781,2
46802,18
46807,1
46808,1
46825,31
46901,2
46953,18
46960,1
46970,1
46975,6
46987,11
46992,9
47012,2
47017,4
47035,7
47040,1
47042,1
47112,4
47129,7
47130,17
47150,23
47170,1
47201,10
47220,1
47240,9
47250,2
47265,1
47274,6
47304,1
47305,3
47306,5
47331,2
47348,1
47362,2
47368,1
47374,5
47401,13
47403,14
47405,44
47433,1
47454,6
47514,1
47546,3
47586,1
47591,2
47601,2
47630,7
47708,28
47710,2
47711,13
47715,1
47725,9
47807,3
47809,12
47834,10
47872,12
47901,15
47918,2
47933,4
47960,1
47978,7
48001,2
48003,1
48009,29
48015,52
48017,19
48021,17
48023,1
48025,8
48026,9
48027,3
48030,10
48033,13
48034,17
48035,18
48036,11
48038,10
48040,1
48044,62
48045,11
48047,16
48050,2
48051,16
48054,5
48060,9
48066,33
48067,104
48071,11
48072,3
48073,28
48075,44
48076,25
48080,6
48081,15
48084,62
48085,18
48088,9
48089,9
48091,14
48092,13
48093,17
48097,2
48098,10
48101,12
48103,1
48104,56
48105,13
48108,1
48109,1
48111,23
48116,9
48117,2
48118,2
48120,13
48122,5
48124,13
48126,76
48127,18
48128,6
48131,1
48134,9
48135,9
48138,7
48141,8
48144,1
48146,18
48150,43
48152,1
48154,1
48160,8
48161,2
48162,11
48164,1
48166,1
48167,41
48168,13
48169,2
48170,2
48173,5
48174,17
48178,3
48180,41
48183,11
48185,63
48186,2
48187,49
48192,4
48193,7
48195,15
48197,4
48198,9
48201,1
48202,17
48204,8
48206,4
48207,3
48208,2
48211,6
48212,6
48213,1
48215,11
48216,1
48219,21
48220,25
48221,14
48225,4
48226,596
48228,5
48229,6
48230,3
48234,15
48235,3
48236,2
48237,6
48239,27
48240,10
48301,2
48302,6
48304,1
48307,25
48309,23
48310,3
48312,40
48313,3
48314,8
48315,29
48316,16
48317,15
48320,5
48322,8
48323,12
48326,22
48327,4
48328,4
48329,19
48331,4
48334,22
48335,25
48340,24
48341,32
48342,6
48346,3
48348,3
48350,1
48356,4
48359,45
48362,12
48363,10
48371,15
48374,3
48375,18
48377,1
48381,3
48382,7
48383,2
48386,6
48390,5
48411,1
48412,12
48413,4
48423,9
48428,1
48430,24
48433,13
48437,1
48439,4
48442,2
48446,19
48453,1
48473,5
48475,1
48502,49
48503,1
48506,4
48507,7
48509,2
48519,13
48532,4
48602,46
48603,4
48607,5
48611,8
48617,6
48624,1
48629,2
48640,18
48642,17
48703,1
48706,15
48708,1
48722,10
48726,1
48730,2
48739,1
48766,1
48768,4
48801,2
48813,3
48823,6
48825,18
48827,4
48834,1
48840,1
48843,1
48847,1
48855,1
48858,8
48864,9
48867,2
48875,1
48879,2
48895,1
48910,3
48911,4
48915,7
48917,1
48933,28
49001,1
49002,14
49004,1
49006,2
49007,37
49022,12
49037,8
49038,1
49048,1
49058,2
49068,1
49078,1
49079,3
49080,1
49085,17
49091,1
49093,2
49098,4
49106,1
49120,1
49127,2
49202,2
49203,2
49221,32
49230,2
49242,1
49254,2
49286,10
49315,1
49321,3
49327,1
49332,17
49341,1
49348,3
49401,1
49412,1
49418,2
49423,5
49424,3
49426,1
49428,2
49431,5
49440,13
49441,3
49444,2
49455,1
49456,1
49458,1
49460,1
49464,3
49503,68
49504,1
49506,4
49507,5
49509,3
49512,2
49519,1
49534,12
49546,3
49548,1
49615,1
49618,14
49626,1
49657,2
49663,13
49684,10
49690,2
49707,1
49720,13
49721,2
49735,1
49765,1
49766,2
49770,8
49783,3
49802,1
49855,1
49858,1
49908,8
49915,2
49918,1
49931,1
49938,2
50011,1
50014,9
50023,5
50058,1
50158,4
50213,10
50263,2
50265,1
50273,3
50309,2
50312,1
50313,2
50316,14
50317,1
50322,1
50401,2
50428,1
50438,1
50501,1
50588,2
50622,1
50677,2
50701,1
50702,1
51031,2
51053,2
51101,7
51103,1
51343,1
51501,2
51503,1
51573,1
51577,1
51601,16
51636,4
51647,3
52001,5
52240,2
52241,3
52242,16
52245,3
52339,17
52353,1
52401,30
52556,1
52583,1
52601,7
52619,1
52654,1
52722,12
52732,1
52761,2
52773,1
52778,1
52801,23
52807,1
53005,4
53013,4
53016,6
53018,1
53022,7
53024,6
53029,1
53037,8
53039,1
53045,1
53051,4
53066,1
53072,2
53081,1
53090,1
53092,3
53094,3
53097,2
53104,6
53105,4
53110,5
53120,6
53121,14
53122,10
53128,5
53132,12
53140,3
53143,4
53150,4
53167,1
53172,13
53181,2
53184,1
53186,6
53188,4
53190,1
53203,69
53204,2
53206,3
53207,6
53208,21
53209,9
53210,1
53213,1
53214,8
53215,1
53218,4
53219,1
53220,2
53221,14
53222,2
53224,1
53295,2
53405,21
53406,2
53527,2
53533,2
53538,10
53545,2
53562,1
53565,1
53566,1
53597,3
53703,7
53705,1
53714,3
53715,31
53716,4
53717,2
53726,1
53901,3
53916,1
53919,2
53933,1
53959,2
54009,1
54016,1
54022,1
54140,6
54143,2
54153,2
54229,1
54235,1
54303,10
54307,1
54313,1
54401,11
54409,1
54410,17
54411,1
54449,1
54467,1
54469,1
54481,14
54482,1
54501,3
54539,1
54545,3
54603,9
54660,1
54669,3
54701,2
54703,3
54724,1
54729,1
54732,2
54746,7
54812,2
54836,1
54854,1
54868,1
54901,15
54902,1
54909,1
54911,28
54914,1
54915,1
54929,1
54942,1
54956,1
54961,2
55008,1
55011,1
55014,4
55016,1
55024,1
55033,10
55044,1
55045,9
55056,5
55060,7
55070,3
55071,1
55076,1
55101,43
55103,12
55104,3
55106,3
55109,1
55110,2
55112,1
55113,1
55114,3
55116,4
55119,4
55120,3
55122,4
55123,2
55124,13
55125,4
55126,7
55127,1
55128,3
55301,3
55306,2
55316,2
55317,4
55318,1
55321,1
55322,1
55330,6
55337,8
55343,1
55344,6
55346,15
55354,1
55357,1
55359,3
55364,1
55369,2
55372,3
55376,1
55378,1
55379,1
55387,2
55391,4
55401,66
55402,2
55404,16
55405,37
55406,1
55407,17
55408,4
55414,1
55416,14
55421,1
55422,1
55424,4
55425,1
55426,2
55434,5
55441,5
55442,4
55443,2
55444,2
55445,1
55448,8
55449,4
55455,1
55719,2
55731,1
55742,1
55744,1
55746,4
55792,1
55802,2
55805,6
55808,1
55901,7
55947,2
55949,1
55964,1
56001,4
56003,6
56007,3
56063,1
56093,1
56173,2
56201,49
56209,2
56258,8
56301,1
56303,9
56308,1
56328,1
56345,1
56368,2
56387,1
56435,15
56470,3
56482,2
56501,1
56524,1
56601,15
56751,1
57005,1
57022,1
57026,1
57064,2
57069,3
57103,6
57105,2
57201,22
57301,1
57314,1
57325,1
57401,5
57457,1
57701,20
57799,3
58076,1
58078,1
58103,11
58105,7
58201,1
58202,7
58203,2
58267,1
58488,1
58504,1
58505,8
58575,1
58601,2
58746,2
58801,6
59028,1
59102,8
59201,1
59230,2
59301,1
59401,21
59453,2
59601,19
59636,2
59703,8
59718,3
59722,1
59741,1
59801,12
59840,1
59860,4
59901,16
60002,20
60004,20
60005,42
60007,64
60008,28
60010,26
60012,1
60013,24
60014,44
60015,10
60016,82
60018,2
60020,6
60021,3
60022,3
60025,7
60026,8
60029,14
60030,11
60031,32
60033,14
60035,12
60040,4
60041,2
60042,3
60045,10
60046,9
60047,38
60048,5
60050,14
60051,1
60053,11
60056,27
60060,10
60061,17
60062,16
60064,2
60067,10
60068,47
60069,9
60070,1
60071,16
60073,25
60074,50
60076,111
60077,4
60081,2
60083,1
60084,18
60085,34
60089,56
60090,23
60091,1
60093,10
60098,13
60099,3
60101,14
60102,50
60103,31
60104,41
60106,2
60107,40
60108,32
60110,3
60115,18
60118,2
60120,14
60123,56
60124,2
60126,32
60130,17
60131,5
60133,19
60134,2
60135,1
60136,2
60137,23
60139,43
60142,8
60143,11
60148,57
60153,4
60154,24
60155,2
60156,5
60157,4
60160,26
60162,7
60163,3
60164,19
60165,3
60169,23
60171,27
60172,33
60173,28
60174,14
60175,2
60176,12
60177,2
60178,3
60181,54
60184,6
60185,20
60187,8
60188,31
60189,7
60190,6
60191,3
60192,1
60193,12
60194,165
60201,53
60202,73
60203,1
60301,1
60302,26
60304,5
60305,5
60401,3
60402,29
60403,3
60404,2
60406,17
60408,1
60409,17
60410,15
60411,25
60415,3
60419,7
60420,2
60422,4
60423,47
60425,3
60426,1
60428,1
60429,9
60430,35
60431,1
60432,9
60433,110
60435,30
60436,14
60437,1
60438,22
60439,2
60440,29
60441,10
60442,2
60443,7
60445,9
60446,82
60448,10
60449,1
60450,28
60451,9
60452,12
60453,77
60457,11
60458,31
60459,16
60461,30
60462,68
60463,18
60464,1
60465,7
60466,12
60467,24
60468,1
60473,7
60475,10
60477,76
60478,5
60481,3
60482,3
60490,6
60491,1
60501,5
60502,21
60503,9
60504,12
60505,69
60506,14
60510,10
60513,12
60514,6
60515,32
60516,13
60517,20
60518,1
60521,121
60523,19
60525,34
60526,7
60527,11
60532,11
60534,18
60538,4
60539,3
60540,105
60542,2
60543,16
60544,58
60546,2
60548,6
60551,1
60554,1
60555,10
60557,1
60558,1
60559,21
60560,17
60561,15
60563,32
60564,21
60565,6
60585,7
60586,19
60601,40
60602,44
60603,60
60604,30
60605,139
60606,55
60607,70
60608,2886
60609,19
60610,110
60611,210
60612,185
60613,78
60614,271
60615,47
60616,83
60617,11
60618,58
60619,18
60620,59
60621,7
60622,125
60623,4
60625,139
60626,47
60628,2
60629,40
60630,37
60631,50
60632,50
60634,70
60636,10
60637,9
60638,29
60639,13
60640,134
60641,21
60642,70
60643,17
60644,6
60645,32
60646,22
60647,67
60649,38
60651,3
60652,25
60653,7
60654,103
60655,12
60656,27
60657,142
60659,20
60660,36
60661,34
60706,28
60707,19
60712,4
60714,36
60803,5
60804,22
60805,4
60827,1
60901,9
60914,6
60915,13
60927,2
60933,1
60950,6
60951,3
60954,1
60966,1
61006,6
61010,1
61021,8
61032,6
61054,2
61068,8
61080,4
61103,9
61104,31
61107,2
61109,3
61111,1
61112,10
61114,1
61115,6
61201,2
61231,8
61239,1
61240,7
61244,1
61254,25
61259,1
61265,20
61282,1
61301,1
61325,2
61350,24
61354,2
61356,14
61364,3
61370,3
61377,2
61401,15
61422,1
61455,5
61520,2
61550,42
61554,8
61560,1
61568,1
61602,3
61605,8
61606,23
61614,3
61625,3
61701,36
61704,18
61727,2
61738,2
61754,4
61761,3
61801,13
61802,7
61820,25
61821,4
61832,6
61847,1
61864,1
61911,1
61920,19
61928,2
61938,10
62002,14
62010,34
62014,1
62024,1
62025,35
62033,2
62034,1
62040,3
62052,1
62056,7
62060,11
62062,5
62087,3
62090,9
62095,8
62097,3
62205,10
62206,6
62208,1
62216,2
62220,11
62221,6
62223,10
62225,1
62226,61
62232,1
62234,42
62236,19
62237,2
62240,3
62243,1
62244,2
62246,1
62258,2
62261,1
62269,14
62271,1
62278,2
62286,4
62293,5
62294,8
62298,7
62301,4
62401,5
62426,1
62443,3
62448,1
62450,2
62454,12
62460,3
62501,2
62523,39
62526,3
62557,1
62565,3
62626,1
62650,2
62666,3
62701,18
62703,2
62704,4
62801,1
62812,6
62821,8
62839,9
62859,3
62864,15
62894,1
62901,2
62930,1
62946,1
62959,13
62960,2
62979,1
63010,9
63011,7
63017,33
63019,6
63020,2
63026,2
63028,3
63031,31
63033,24
63038,3
63040,5
63042,8
63043,34
63044,13
63045,21
63048,2
63049,6
63050,1
63051,9
63052,3
63069,1
63077,1
63080,1
63090,10
63101,28
63103,6
63105,66
63106,779
63108,9
63109,15
63110,19
63112,13
63114,1
63116,4
63118,27
63119,1
63121,9
63122,7
63123,1
63124,3
63125,7
63126,2
63127,10
63128,15
63129,29
63130,4
63131,54
63132,18
63135,17
63136,8
63138,2
63139,5
63140,1
63141,88
63144,13
63146,43
63147,2
63303,24
63304,2
63353,2
63366,24
63367,6
63368,26
63369,1
63376,34
63379,16
63383,1
63385,30
63386,15
63389,1
63601,1
63627,1
63628,1
63630,8
63637,1
63640,16
63660,1
63703,11
63755,3
63775,3
63830,1
63841,1
63845,2
63851,1
63863,3
63901,4
64011,2
64012,2
64014,8
64015,1
64020,1
64030,4
64036,6
64040,1
64050,17
64052,2
64055,4
64063,4
64068,11
64080,2
64081,9
64083,1
64093,4
64096,5
64106,62
64108,3
64111,1
64112,1
64114,1
64119,1
64124,3
64127,5
64128,2
64129,2
64131,4
64152,4
64154,1
64192,1
64491,7
64501,1
64507,1
64601,8
64628,1
64633,2
64640,1
64671,2
64673,1
64701,5
64722,1
64724,1
64734,1
64735,1
64742,5
64744,3
64772,1
64801,18
64836,1
65043,13
65047,2
65049,6
65101,5
65109,1
65201,5
65215,23
65231,1
65233,2
65265,3
65270,1
65301,4
65305,1
65340,6
65360,1
65401,7
65473,2
65584,3
65611,1
65613,2
65616,8
65619,3
65622,2
65658,4
65705,3
65708,1
65711,1
65714,2
65721,1
65738,1
65772,1
65775,1
65802,1
65806,122
65807,3
65809,11
66012,2
66013,1
66018,1
66027,4
66043,1
66045,18
66047,1
66048,4
66049,1
66061,9
66067,1
66101,3
66102,6
66103,2
66106,1
66109,3
66203,4
66204,15
66206,2
66209,4
66210,12
66212,2
66213,2
66215,1
66217,4
66223,1
66441,7
66502,1
66503,2
66506,6
66514,1
66604,1
66612,42
66739,1
66749,1
66762,4
66801,2
67002,4
67010,1
67037,8
67068,6
67117,1
67118,1
67123,2113
67152,1
67156,1
67202,74
67212,2
67217,1
67220,4
67223,1
67337,2
67340,4
67410,5
67460,8
67481,1
67505,7
67530,1
67544,1
67801,2
67846,3
67864,2
67871,4
68005,6
68025,1
68046,1
68048,2
68069,2
68104,6
68105,1
68114,10
68118,1
68124,3
68130,1
68131,1
68132,60
68135,1
68137,3
68138,1
68305,2
68310,2
68419,1
68467,1
68503,29
68506,3
68510,2
68521,1
68701,2
68752,1
68763,1
68776,2
68801,5
68822,1
68850,1
68901,1
68970,7
69101,3
69361,7
70001,53
70003,4
70005,4
70043,2
70047,28
70052,1
70053,5
70056,4
70062,16
70065,13
70068,1
70084,8
70112,96
70115,16
70116,9
70118,1
70123,1
70124,2
70125,3
70128,1
70130,1
70301,11
70342,2
70359,1
70360,5
70364,6
70402,2
70403,1
70426,1
70427,19
70433,3
70435,4
70438,1
70448,1
70452,1
70454,3
70458,10
70501,26
70506,3
70510,1
70514,12
70517,2
70525,1
70526,2
70535,2
70538,5
70548,2
70552,2
70560,12
70563,12
70570,7
70582,21
70586,2
70601,14
70605,2
70634,1
70640,1
70669,1
70706,2
70711,1
70725,23
70726,1
70737,18
70743,1
70760,1
70764,2
70769,15
70774,4
70775,3
70776,10
70778,12
70780,1
70789,1
70791,7
70802,39
70803,12
70806,10
70807,2
70815,1
70819,5
71001,1
71040,1
71052,1
71055,8
71101,54
71103,6
71106,4
71107,2
71108,4
71110,3
71111,10
71201,49
71203,2
71209,1
71220,5
71232,3
71233,1
71270,1
71272,5
71291,2
71292,9
71301,36
71303,3
71331,24
71346,1
71350,1
71446,1
71457,7
71459,1
71461,3
71601,1
71602,3
71603,1
71639,2
71653,4
71655,2
71730,9
71744,3
71801,1
71861,1
71909,8
71913,9
71923,1
71937,8
71960,1
72002,4
72007,12
72015,5
72019,4
72022,6
72035,8
72042,1
72058,1
72069,1
72076,1
72099,5
72102,3
72104,1
72110,2
72112,1
72113,3
72114,7
72116,3
72143,23
72160,1
72201,22
72204,5
72205,5
72207,3
72211,2
72212,1
72301,4
72315,3
72330,1
72364,1
72396,2
72416,1
72450,1
72454,14
72467,7
72501,2
72601,2
72653,1
72701,19
72703,4
72712,9
72715,4
72732,2
72756,1
72758,6
72761,12
72762,6
72764,16
72801,1
72830,1
72845,1
72855,2
72901,3
72903,3
72923,5
72932,10
72933,1
72956,1
72958,1
73003,9
73013,3
73018,2
73020,2
73047,1
73049,1
73064,7
73071,21
73072,1
73096,13
73098,1
73099,6
73102,95
73106,2
73107,1
73109,3
73110,1
73112,4
73114,1
73115,1
73117,1
73120,2
73130,4
73132,1
73139,4
73149,2
73162,3
73401,1
73450,1
73503,7
73505,7
73521,1
73538,1
73541,1
73703,1
73705,14
73717,1
73801,3
73848,1
73942,1
73951,1
74003,1
74008,2
74011,2
74012,2
74015,3
74016,1
74021,2
74035,1
74055,3
74066,10
74070,1
74078,13
74081,1
74103,105
74104,3
74105,2
74114,9
74120,2
74129,1
74130,1
74133,18
74136,2
74145,1
74344,1
74361,4
74401,23
74429,1
74447,12
74464,12
74554,3
74601,1
74650,1
74728,2
74801,1
74864,1
74868,1
74872,2
74875,1
74878,16
74881,2
74960,1
75001,42
75002,24
75006,140
75007,52
75009,8
75010,16
75013,108
75019,35
75020,5
75022,27
75023,9
75024,23
75025,4
75028,32
75032,11
75034,133
75035,47
75038,10
75039,38
75040,110
75041,14
75042,11
75043,27
75044,35
75048,9
75050,11
75051,44
75052,33
75054,21
75056,47
75057,42
75060,142
75061,14
75062,38
75063,74
75067,24
75068,50
75069,63
75070,21
75071,13
75074,236
75075,22
75077,19
75078,3
75080,7
75081,134
75082,19
75087,36
75088,20
75089,1
75090,2
75093,72
75094,31
75098,24
75104,26
75110,11
75115,35
75116,10
75117,10
75119,9
75124,16
75126,45
75134,12
75135,4
75137,3
75142,15
75143,2
75146,18
75147,2
75149,135
75150,17
75154,21
75155,1
75156,8
75159,1
75160,1
75165,49
75166,11
75172,1
75180,2
75181,1
75189,5
75201,28
75202,47
75203,3
75204,36
75205,25
75206,49
75207,2
75208,36
75209,1
75211,20
75214,20
75216,2
75218,31
75219,73
75220,4
75223,3
75224,12
75225,25
75226,1
75227,11
75228,23
75229,11
75230,25
75231,56
75232,3
75234,48
75235,25
75236,6
75237,1
75238,10
75240,28
75241,19
75243,33
75244,5
75246,1919
75248,24
75249,1
75251,7
75252,10
75253,7
75254,22
75287,90
75401,27
75402,1
75442,7
75454,13
75457,1
75460,9
75470,1
75474,19
75482,3
75487,1
75494,1
75501,1
75551,1
75569,27
75601,27
75656,4
75670,4
75672,1
75686,1
75701,1
75702,47
75752,28
75763,1
75771,2
75801,4
75831,1
75835,1
75840,1
75844,2
75849,1
75850,1
75851,2
75904,7
75929,1
75941,6
75951,2
75962,4
75969,1
76006,5
76008,8
76010,291
76011,7
76012,37
76013,2
76014,2
76015,12
76016,2
76017,8
76018,5
76020,7
76021,9
76022,41
76028,44
76031,13
76033,6
76034,21
76036,2
76039,33
76040,11
76048,7
76051,67
76052,3
76053,43
76054,1
76058,5
76063,82
76065,25
76067,1
76077,1
76082,6
76084,4
76086,19
76092,25
76102,67
76104,479
76105,2
76106,1
76107,2
76109,44
76110,4
76111,1
76112,17
76115,8
76116,36
76117,2
76119,1
76120,12
76123,20
76127,13
76131,14
76132,17
76133,3
76134,2
76137,16
76140,7
76148,12
76155,15
76164,1
76180,37
76182,8
76201,110
76205,12
76209,2
76210,23
76226,2
76227,5
76234,8
76240,3
76244,24
76247,8
76248,22
76258,3
76262,5
76266,1
76273,9
76301,23
76308,2
76364,1
76402,1
76450,2
76453,1
76462,2
76464,1
76475,1
76504,17
76513,9
76531,1
76537,3
76539,7
76541,48
76544,8
76548,6
76549,4
76550,1
76574,7
76640,1
76643,1
76645,1
76701,27
76706,9
76710,6
76712,1
76801,10
76841,4
76877,1
76901,4
76903,8
76904,3
77002,3749
77003,1
77004,43
77005,22
77006,25
77007,159
77008,33
77009,5
77013,5
77014,13
77015,47
77016,3
77017,5
77018,16
77019,15
77020,8
77021,24
77022,1
77023,17
77024,69
77025,19
77026,5
77027,25
77028,1
77029,1
77030,114
77031,5
77032,10
77033,3
77034,18
77035,17
77036,9
77037,4
77038,5
77039,13
77040,63
77041,17
77042,39
77043,57
77046,6
77047,13
77049,11
77051,1
77053,16
77054,36
77055,32
77056,151
77057,44
77058,17
77059,10
77060,10
77061,11
77062,61
77063,29
77064,27
77065,29
77066,55
77067,16
77068,9
77069,27
77070,126
77071,3
77072,20
77073,23
77074,60
77075,12
77076,7
77077,74
77078,1
77079,102
77080,42
77081,5
77082,79
77083,15
77084,157
77085,10
77086,4
77087,35
77088,37
77089,22
77090,25
77091,6
77092,9
77093,7
77094,16
77095,71
77096,18
77098,21
77099,26
77301,90
77303,1
77304,3
77316,10
77318,1
77320,1
77327,5
77328,25
77336,4
77338,142
77339,23
77340,12
77342,9
77345,33
77346,12
77351,6
77354,9
77355,2
77356,2
77365,22
77367,1
77372,4
77373,61
77374,7
77375,98
77377,22
77379,182
77380,77
77381,155
77382,14
77384,5
77385,1
77386,11
77388,9
77389,3
77396,6
77401,30
77406,15
77407,22
77429,169
77433,44
77435,10
77441,8
77444,2
77447,7
77449,204
77450,91
77456,1
77469,10
77471,12
77474,1
77476,3
77477,25
77478,240
77479,34
77480,7
77481,12
77484,1
77488,1
77489,47
77493,23
77494,280
77498,40
77502,61
77503,37
77504,5
77505,15
77506,2
77510,6
77511,9
77514,1
77515,10
77520,86
77521,13
77530,9
77531,15
77532,5
77535,14
77536,25
77539,23
77545,1
77546,27
77550,10
77551,1
77554,1
77565,1
77566,1
77568,10
77571,3
77573,45
77575,3
77581,76
77583,4
77584,45
77586,6
77587,7
77590,4
77591,3
77597,1
77598,22
77614,7
77627,12
77640,8
77650,2
77651,3
77656,1
77659,3
77701,37
77705,2
77707,4
77801,2
77803,3
77808,1
77833,1
77840,40
77859,5
77901,6
77987,3
78006,5
78009,4
78013,2
78015,5
78016,6
78023,1
78028,11
78040,28
78041,2
78052,10
78064,4
78076,3
78108,23
78109,11
78114,22
78118,1
78121,2
78130,52
78132,3
78133,5
78148,24
78152,1
78154,77
78155,17
78159,1
78160,9
78163,8
78201,76
78202,7
78203,1
78204,2
78205,26
78207,19
78208,15
78209,21
78210,11
78211,9
78212,2
78213,4
78214,6
78216,1976
78217,15
78218,3
78219,11
78220,4
78221,7
78222,11
78223,57
78225,6
78227,23
78228,10
78229,68
78230,23
78231,5
78232,28
78233,37
78234,5
78235,24
78237,1
78238,14
78239,4
78240,31
78242,8
78243,2
78244,16
78245,23
78247,20
78248,3
78249,72
78250,49
78251,41
78252,1
78253,11
78254,8
78255,4
78256,3
78258,84
78259,28
78260,25
78261,5
78264,29
78332,2
78336,1
78362,1
78363,1
78380,1
78401,65
78410,4
78411,1
78412,6
78413,1
78414,1
78416,1
78418,2
78501,27
78516,1
78520,4
78521,2
78537,10
78539,5
78548,1
78550,1
78552,22
78557,1
78558,4
78570,2
78572,6
78578,2
78585,1
78586,1
78589,1
78596,7
78602,13
78606,17
78610,4
78613,83
78616,1
78617,1
78619,1
78620,9
78621,4
78624,11
78626,25
78633,2
78634,7
78636,8
78639,3
78640,48
78641,19
78642,10
78644,3
78645,6
78653,14
78654,9
78656,1
78660,58
78664,63
78665,25
78666,37
78669,5
78681,9
78701,1407
78702,10
78703,36
78704,41
78705,14
78712,6
78717,19
78724,3
78725,3
78726,13
78727,15
78728,3
78729,40
78730,21
78731,15
78732,9
78734,13
78735,5
78736,9
78737,6
78738,26
78739,1
78741,16
78744,32
78745,184
78746,21
78748,37
78749,18
78750,14
78751,40
78752,8
78753,4
78754,1
78756,25
78757,10
78758,67
78759,41
78837,1
78838,2
78843,19
78852,8
78870,2
78942,2
78957,4
78962,1
79007,1
79022,1
79027,1
79029,1
79053,1
79065,3
79072,3
79101,30
79201,1
79252,1
79316,2
79339,1
79347,4
79364,1
79406,3
79410,1
79411,112
79412,1
79424,2
79556,3
79567,24
79601,2
79605,5
79699,34
79701,20
79705,8
79714,1
79719,1
79720,1
79731,1
79733,1
79752,1
79756,1
79761,10
79764,3
79831,1
79835,1
79849,1
79901,131
79902,12
79903,4
79904,7
79906,2
79907,2
79912,7
79916,2
79924,2
79927,4
79932,15
79934,1
79935,1
80002,85
80003,1
80004,15
80005,1
80007,1
80010,5
80011,4
80012,47
80013,4
80014,5
80015,33
80016,16
80017,22
80019,2
80020,56
80021,10
80022,10
80026,17
80027,9
80030,20
80031,14
80033,13
80045,70
80104,19
80108,1
80109,20
80110,7
80111,16
80112,45
80113,47
80118,1
80120,68
80121,11
80122,8
80123,8
80124,30
80126,28
80127,16
80128,16
80129,22
80132,6
80134,45
80138,4
80202,14
80203,1152
80204,11
80205,11
80206,48
80209,39
80210,46
80211,30
80212,4
80214,2
80215,11
80216,7
80218,19
80219,1
80220,9
80221,9
80222,1
80223,24
80224,9
80226,71
80227,13
80228,22
80229,78
80230,2
80231,10
80232,6
80233,6
80234,13
80237,16
80238,1
80239,18
80241,1
80246,10
80247,7
80249,2
80260,6
80301,20
80302,8
80304,22
80305,4
80310,78
80401,37
80403,3
80424,11
80427,6
80433,2
80439,1
80444,19
80457,3
80465,7
80477,2
80481,1
80497,4
80501,29
80513,12
80516,8
80517,1
80520,1
80521,44
80525,5
80526,5
80537,5
80538,9
80543,2
80550,6
80601,16
80620,2
80621,1
80631,13
80634,5
80640,7
80643,7
80705,3
80751,3
80759,1
80817,3
80819,4
80903,204
80905,1
80906,4
80907,2
80908,2
80909,17
80910,5
80911,1
80913,4
80915,69
80916,1
80918,4
80920,7
80921,1
80922,1
80923,1
81003,13
81082,7
81089,1
81092,1
81101,13
81125,1
81212,1
81303,5
81331,1
81401,2
81416,3
81501,19
81503,1
81520,8
81611,2
81620,1
81638,1
81652,4
81657,2
82005,7
82007,1
82070,1
82072,4
82440,3
82601,3
82604,1
82633,4
82644,3
82929,1
82943,2
83014,7
83114,1
83209,1
83217,1
83301,1
83328,1
83333,2
83336,1
83344,1
83350,1
83352,1
83401,1
83404,23
83460,1
83501,1
83605,1
83617,1
83619,8
83642,4
83648,1
83686,2
83706,24
83815,3
83823,1
83844,4
83852,1
84004,1
84010,3
84015,1
84020,4
84025,2
84032,1
84037,6
84040,1
84041,10
84042,5
84043,14
84044,2
84045,1
84054,2
84057,4
84060,10
84065,18
84070,3
84073,3
84074,9
84075,1
84081,6
84084,6
84088,9
84092,10
84093,321
84094,14
84095,10
84096,4
84097,7
84102,15
84103,5
84106,8
84108,13
84111,112
84115,24
84116,2
84117,8
84118,12
84123,7
84124,1
84307,1
84309,3
84321,28
84341,5
84401,17
84405,4
84414,1
84501,1
84528,6
84532,2
84601,22
84606,11
84647,1
84663,1
84721,1
84790,21
85003,1835
85004,5
85006,4
85007,1
85008,13
85012,7
85013,128
85014,5
85015,5
85016,28
85017,8
85018,34
85019,2
85020,29
85021,13
85022,19
85023,5
85024,4
85027,6
85028,12
85029,15
85031,5
85032,26
85033,26
85034,1
85035,2
85040,14
85041,19
85042,23
85043,4
85044,37
85048,31
85050,55
85051,19
85053,6
85054,6
85083,5
85085,2
85086,20
85087,9
85119,2
85120,41
85121,4
85122,26
85123,4
85128,5
85131,1
85132,1
85138,33
85142,45
85143,12
85201,324
85202,16
85203,13
85204,12
85205,44
85206,35
85207,4
85208,11
85209,1
85210,7
85212,2
85213,28
85215,1
85224,19
85225,165
85226,1
85233,120
85234,30
85248,20
85249,17
85250,28
85251,298
85253,12
85254,67
85255,23
85257,19
85258,36
85259,21
85260,65
85262,16
85266,2
85268,5
85281,206
85282,46
85283,22
85284,12
85286,30
85295,13
85296,30
85297,10
85298,4
85301,87
85302,9
85303,1
85304,4
85306,13
85307,2
85308,11
85309,6
85310,2
85323,79
85326,17
85334,3
85335,60
85338,14
85339,2
85342,1
85345,51
85346,1
85351,19
85353,13
85354,3
85355,2
85363,17
85364,13
85367,1
85373,6
85374,10
85375,25
85377,5
85379,17
85381,29
85382,30
85383,23
85387,2
85388,4
85392,16
85395,16
85396,8
85541,8
85542,1
85554,18
85614,2
85615,1
85619,1
85622,1
85626,2
85629,16
85635,3
85640,1
85641,3
85650,6
85653,1
85701,3
85704,4
85705,2
85711,1
85712,3
85713,1
85714,2
85716,220
85719,30
85730,2
85737,10
85739,2
85741,2
85742,8
85743,6
85745,1
85748,1
85749,1
85750,1
85755,1
85756,2
85757,1
85901,4
85929,2
85937,1
86011,16
86052,1
86313,34
86314,15
86322,9
86323,3
86326,2
86332,1
86351,3
86403,10
86404,8
86413,8
86426,1
86442,36
86503,2
86515,1
87004,1
87015,15
87023,3
87035,1
87042,7
87043,1
87052,4
87102,152
87105,1
87106,10
87107,1
87109,13
87110,19
87111,3
87112,2
87113,1
87116,1
87120,6
87144,16
87301,6
87375,1
87401,15
87417,1
87505,188
87529,3
87532,2
87535,1
87724,13
88001,26
88022,2
88032,3
88103,2
88113,1
88130,1
88201,1
88220,3
88230,2
88242,5
88260,1
88301,1
89002,1
89005,3
89011,5
89012,237
89014,32
89015,25
89018,6
89027,15
89030,41
89031,13
89032,3
89044,1
89045,2
89048,14
89052,22
89060,1
89074,45
89081,13
89084,3
89085,20
89086,10
89101,14
89102,125
89103,27
89104,4
89106,7
89107,20
89108,13
89109,2312
89110,12
89113,20
89115,25
89117,37
89118,10
89119,34
89120,10
89121,30
89122,4
89123,21
89128,25
89129,7
89130,10
89131,6
89134,77
89135,2
89139,41
89141,4
89142,11
89143,14
89144,9
89145,5
89146,14
89147,21
89148,17
89149,7
89156,2
89166,6
89169,1
89178,12
89183,12
89191,12
89408,28
89431,11
89433,7
89434,24
89436,1
89449,14
89460,1
89501,105
89506,1
89511,9
89512,4
89701,32
89704,1
89706,1
90001,3
90002,2
90003,5
90004,16
90005,4
90006,82
90007,10
90008,2
90012,65
90013,1859
90014,5
90015,41
90016,6
90017,28
90018,3
90019,40
90020,3
90022,7
90023,2
90024,36
90025,53
90026,67
90027,23
90028,14
90029,19
90031,21
90032,10
90033,28
90034,70
90035,36
90036,64
90037,1
90038,3
90039,66
90040,2
90041,28
90042,17
90043,1
90044,3
90045,8
90046,50
90047,16
90048,37
90049,35
90056,3
90057,2
90059,2
90061,1
90062,3
90063,4
90064,16
90065,12
90066,43
90067,20
90068,20
90069,43
90073,2
90077,4
90089,2
90094,14
90095,15
90201,5
90210,78
90211,24
90212,82
90221,24
90230,19
90232,61
90240,16
90241,65
90242,1
90245,31
90247,37
90248,1
90249,2
90250,53
90254,40
90255,7
90260,28
90262,16
90263,1
90265,3
90266,28
90272,7
90274,5
90275,1
90277,4
90278,6
90280,11
90290,1
90291,40
90292,57
90293,7
90301,45
90302,1
90303,4
90305,1
90401,245
90402,1
90403,23
90404,46
90405,23
90501,20
90502,48
90503,133
90504,9
90505,29
90602,36
90604,31
90605,6
90606,3
90620,5
90621,2
90630,8
90631,24
90638,3
90640,10
90650,34
90660,12
90670,1
90680,16
90701,2
90703,30
90706,43
90710,4
90712,15
90713,3
90717,8
90720,8
90723,10
90731,61
90732,4
90740,2
90742,5
90743,13
90744,6
90745,11
90746,1
90755,23
90802,4
90803,1
90804,8
90805,24
90806,3
90807,14
90808,8
90813,182
90814,4
90815,9
91001,1
91006,55
91007,5
91011,7
91016,16
91020,1
91024,5
91030,35
91040,3
91046,20
91101,164
91103,6
91104,27
91105,9
91106,3
91107,6
91108,2
91201,6
91202,39
91203,2
91204,32
91205,10
91206,16
91207,2
91208,20
91210,96
91214,2
91301,18
91302,6
91303,21
91304,16
91307,5
91311,21
91316,7
91320,3
91321,44
91324,61
91325,9
91326,20
91330,13
91331,5
91335,14
91340,17
91342,24
91343,20
91344,41
91345,4
91350,13
91352,2
91354,6
91355,10
91356,36
91360,6
91361,27
91362,71
91364,15
91367,77
91381,2
91384,1
91387,3
91390,15
91401,2
91402,23
91403,42
91405,8
91406,11
91411,56
91423,21
91436,14
91502,131
91504,5
91505,5
91506,8
91601,55
91602,15
91604,24
91605,11
91606,2
91607,16
91701,10
91702,4
91706,24
91708,2
91709,39
91710,36
91711,2
91722,23
91723,31
91724,3
91730,96
91731,1
91732,25
91733,2
91737,33
91739,3
91740,10
91741,2
91744,20
91745,5
91746,1
91748,40
91750,19
91752,14
91754,2
91755,14
91761,16
91762,3
91763,24
91764,2
91765,1
91766,64
91767,24
91768,3
91770,25
91773,7
91776,43
91780,2
91784,12
91786,21
91789,7
91790,24
91801,33
91803,8
91902,4
91910,65
91911,16
91913,15
91914,20
91915,9
91932,1
91942,33
91945,1
91950,19
91977,3
91978,2
92007,11
92008,20
92009,4
92010,11
92011,32
92014,7
92019,4
92020,32
92021,3
92024,13
92025,66
92026,2
92027,12
92028,20
92029,4
92037,30
92040,1
92054,49
92055,3
92056,8
92057,27
92059,1
92060,2
92064,18
92065,9
92067,7
92069,44
92071,9
92075,7
92078,10
92081,4
92082,4
92083,41
92084,2
92101,44
92102,3
92103,13
92104,7
92105,5
92106,1
92107,12
92108,2
92109,20
92110,11
92111,13
92113,2
92114,1
92115,9
92116,10
92117,8
92119,6
92120,3
92121,51
92122,12
92123,47
92124,6
92126,15
92127,6
92128,14
92130,21
92131,20
92134,742
92135,7
92147,1
92154,4
92173,11
92201,15
92203,2
92210,2
92220,2
92223,14
92231,2
92234,7
92236,3
92240,23
92242,3
92243,11
92253,17
92260,17
92262,40
92270,10
92278,2
92281,2
92284,3
92307,2
92308,10
92309,1
92311,20
92313,6
92315,3
92320,2
92324,1
92333,1
92335,94
92336,2
92337,7
92344,2
92345,7
92346,9
92347,5
92354,38
92358,7
92365,4
92373,3
92374,38
92376,7
92377,1
92382,1
92386,4
92392,1
92394,6
92395,64
92397,2
92399,7
92401,56
92404,3
92405,27
92407,12
92408,4
92410,7
92411,3
92501,3
92503,8
92504,12
92505,7
92506,249
92507,17
92508,1
92509,12
92532,10
92543,3
92544,1
92545,25
92548,4
92551,10
92553,44
92555,1
92557,37
92563,32
92570,12
92571,23
92582,2
92583,2
92584,23
92585,22
92586,26
92587,7
92591,77
92595,17
92596,19
92602,8
92603,8
92604,40
92606,11
92610,6
92612,142
92614,30
92617,1
92618,46
92620,20
92624,1
92625,5
92626,37
92627,39
92629,21
92630,23
92637,25
92646,10
92647,36
92648,116
92649,47
92651,23
92653,32
92655,2
92656,26
92657,2
92660,33
92661,24
92662,7
92663,61
92672,35
92673,15
92677,41
92679,1
92683,52
92688,24
92691,24
92692,14
92694,10
92701,53
92704,14
92705,4
92706,2
92707,10
92708,43
92780,527
92782,3
92801,11
92802,10
92804,6
92805,31
92806,30
92807,13
92821,29
92823,11
92831,7
92832,18
92833,9
92835,5
92840,17
92841,3
92843,26
92844,1
92845,5
92860,8
92861,23
92866,10
92867,1
92868,24
92869,5
92870,30
92879,43
92881,61
92882,5
92883,1
92886,13
92887,2
93003,14
93004,1
93010,23
93012,1
93015,5
93021,13
93022,8
93023,6
93030,23
93033,8
93036,1
93043,12
93060,6
93063,3
93064,13
93065,70
93101,26
93103,1
93105,2
93109,17
93111,3
93117,1
93212,1
93215,1
93230,15
93240,1
93245,2
93267,10
93268,1
93274,8
93277,84
93301,142
93304,3
93305,1
93306,5
93309,8
93311,1
93401,90
93405,6
93420,1
93422,3
93433,8
93436,5
93446,13
93449,1
93455,10
93458,20
93463,2
93510,11
93514,2
93524,1
93534,58
93546,4
93551,5
93552,38
93555,10
93560,4
93561,13
93611,9
93612,10
93619,1
93626,1
93631,3
93635,2
93638,2
93644,2
93648,2
93650,1
93657,36
93662,1
93665,1
93701,201
93702,2
93706,2
93710,3
93711,4
93720,9
93721,1
93722,2
93725,2
93901,4
93905,21
93921,3
93923,1
93933,3
93940,1
93943,24
93950,2
93955,2
94002,12
94005,57
94010,25
94014,46
94015,24
94019,5
94022,9
94024,4
94025,28
94027,5
94030,9
94038,1
94040,63
94041,15
94043,28
94044,19
94061,29
94062,4
94063,2
94065,4
94066,11
94070,16
94080,16
94085,24
94086,105
94087,29
94089,15
94102,500
94103,68
94104,103
94105,93
94107,136
94108,44
94109,77
94110,47
94111,21
94112,9
94114,100
94115,38
94116,27
94117,43
94118,33
94121,10
94122,35
94123,8
94124,13
94127,3
94129,5
94130,1
94131,11
94132,20
94133,12
94134,8
94158,22
94301,39
94303,3
94304,3
94305,10
94306,22
94401,73
94402,1
94403,12
94404,12
94501,7
94502,46
94503,1
94505,8
94506,2
94507,7
94509,27
94510,8
94513,24
94517,5
94519,27
94520,2
94521,2
94523,15
94526,21
94530,8
94531,29
94533,29
94534,2
94535,6
94536,108
94538,53
94539,6
94541,71
94544,15
94545,1
94546,16
94547,5
94549,15
94550,1
94551,19
94552,9
94555,1
94559,8
94560,2
94561,3
94563,10
94564,13
94565,17
94566,24
94568,258
94569,2
94577,51
94578,6
94580,3
94582,6
94583,35
94585,3
94586,1
94587,26
94590,42
94591,22
94596,3
94597,70
94598,15
94601,29
94602,19
94603,4
94607,3
94608,20
94609,25
94610,10
94611,7
94612,146
94618,1
94621,19
94702,8
94703,61
94704,26
94706,2
94707,5
94708,2
94709,5
94710,1
94720,4
94803,3
94804,7
94805,1
94806,4
94901,13
94903,2
94904,4
94920,5
94922,1
94925,2
94928,17
94931,2
94938,1
94941,23
94945,17
94947,5
94949,7
94950,8
94952,4
94954,12
94957,3
94960,6
94965,7
94970,1
95003,14
95008,18
95010,1
95012,2
95014,22
95019,21
95020,17
95023,3
95030,23
95032,2
95033,3
95035,37
95037,26
95046,12
95050,40
95051,68
95053,12
95054,15
95060,2
95062,1
95064,24
95066,1
95070,1
95075,1
95076,2
95110,6
95111,2
95112,6
95113,620
95116,32
95117,5
95118,6
95120,3
95121,3
95122,31
95123,38
95124,10
95125,9
95126,15
95127,5
95128,11
95129,30
95130,12
95131,11
95133,6
95134,29
95135,8
95136,11
95138,1
95140,1
95148,28
95202,123
95203,3
95204,4
95205,7
95206,3
95207,15
95211,9
95242,1
95258,14
95301,1
95304,1
95305,1
95307,8
95313,3
95328,1
95336,28
95338,3
95340,41
95350,30
95351,43
95354,1
95355,2
95356,2
95358,8
95361,11
95363,6
95366,4
95368,1
95370,5
95374,1
95375,1
95376,54
95377,2
95380,21
95382,1
95391,7
95401,3
95404,4
95405,109
95407,2
95409,2
95422,2
95425,2
95439,4
95448,20
95450,1
95453,3
95460,1
95464,1
95472,3
95476,2
95482,4
95490,1
95501,13
95521,1
95531,1
95540,1
95603,9
95605,2
95608,4
95610,10
95612,1
95615,1
95616,6
95618,6
95620,5
95621,1
95624,28
95628,3
95630,29
95632,1
95641,1
95648,12
95650,2
95653,1
95660,8
95661,5
95662,2
95667,2
95670,23
95672,1
95673,1
95678,48
95682,4
95687,63
95688,15
95691,3
95694,1
95697,8
95742,2
95747,6
95762,8
95814,249
95815,6
95816,3
95817,2
95819,25
95821,15
95823,4
95825,11
95826,2
95827,1
95829,2
95830,1
95831,1
95834,1
95835,6
95841,1
95842,1
95926,26
95928,1
95932,2
95945,5
95949,6
95954,1
95962,1
95963,1
95965,1
95966,1
95968,15
95969,9
95975,3
95982,1
95988,1
95991,1
95993,11
96001,47
96002,2
96003,1
96007,1
96019,1
96037,1
96044,1
96067,1
96080,1
96111,1
96130,6
96161,1
96701,1
96706,3
96714,1
96720,3
96725,6
96734,8
96740,1
96749,1
96752,1
96760,1
96761,1
96779,1
96783,6
96786,2
96789,1
96791,12
96792,1
96793,6
96797,5
96813,64
96815,2
96822,1
96825,2
96853,12
96857,6
96860,1
97005,37
97006,11
97007,1
97008,5
97013,3
97015,7
97018,1
97024,8
97027,17
97030,12
97034,7
97035,7
97045,1
97048,4
97051,1
97058,2
97062,11
97068,1
97070,3
97080,1
97086,2
97113,44
97123,1
97124,2
97127,2
97128,7
97132,9
97202,9
97204,352
97206,14
97209,7
97210,1
97211,14
97212,1
97214,12
97215,2
97217,5
97219,4
97221,3
97222,4
97223,43
97224,6
97225,3
97229,7
97230,3
97232,16
97233,6
97236,1
97301,14
97305,3
97322,1
97330,11
97331,5
97355,1
97373,1
97377,1
97383,1
97385,2
97386,1
97401,31
97402,1
97411,3
97417,1
97420,4
97424,3
97471,5
97477,5
97495,1
97504,18
97524,1
97527,5
97539,1
97702,26
97712,8
97720,1
97753,1
97814,3
98001,10
98002,8
98003,55
98004,67
98005,36
98006,41
98007,19
98008,4
98010,1
98011,13
98012,1
98014,1
98020,6
98021,11
98022,2
98023,8
98026,27
98027,1
98028,5
98029,9
98030,1
98031,2
98032,36
98033,6
98034,8
98036,1
98038,2
98039,1
98040,3
98042,8
98043,3
98047,2
98052,44
98053,1
98056,3
98057,31
98058,5
98059,8
98065,19
98070,1
98072,26
98075,5
98077,2
98087,2
98101,35
98102,30
98103,26
98104,40
98105,5
98106,2
98107,4
98108,8
98109,24
98110,3
98112,6
98115,4
98116,13
98119,7
98121,12
98122,3
98125,12
98126,5
98136,1
98144,1
98146,1
98155,1
98164,440
98166,16
98168,1
98178,1
98198,1
98199,1
98203,1
98204,3
98205,1
98207,37
98208,8
98221,3
98223,2
98225,30
98229,1
98230,3
98249,1
98264,2
98270,13
98271,5
98272,1
98273,5
98274,1
98275,1
98277,8
98281,19
98283,11
98292,3
98294,2
98296,3
98311,15
98314,4
98323,1
98327,12
98328,9
98335,3
98337,3
98345,1
98354,1
98362,6
98368,1
98370,2
98371,40
98372,4
98373,16
98374,11
98375,1
98382,1
98383,6
98387,2
98391,3
98402,81
98404,1
98405,2
98407,1
98408,2
98416,1
98418,9
98421,4
98422,1
98424,4
98430,2
98443,3
98444,5
98445,8
98447,1
98466,13
98498,5
98499,5
98501,30
98503,8
98506,4
98516,5
98531,1
98550,2
98583,5
98584,1
98605,2
98616,1
98629,1
98661,7
98662,6
98663,78
98665,5
98682,2
98684,7
98685,1
98686,3
98801,2
98802,3
98817,1
98826,1
98902,1
98926,5
98937,2
99001,1
99004,1
99019,4
99022,1
99025,7
99037,1
99122,1
99163,8
99179,4
99201,73
99203,6
99206,1
99207,6
99208,1
99216,22
99218,1
99321,1
99324,5
99336,15
99344,1
99350,2
99352,2
99501,31
99508,2
99518,2
99574,1
99611,4
99627,7
99644,2
99669,5
99694,2
99695,1
99703,2
99737,79
99762,1
99801,2
99824,1
99835,2
99926,1
NULL,128
